,dataset,prefix,sampling,encoding,classifier,train_type,status
0,BPI11/f1/0-40_80-100,10,all_in_one,complex,multinomialNB,traditional,OK
1,BPI11/f1/0-60_80-100,10,all_in_one,complex,multinomialNB,traditional,OK
2,BPI11/f1/0-80_80-100,10,all_in_one,complex,multinomialNB,traditional,OK
3,BPI11/f1/40-60_80-100,10,all_in_one,complex,multinomialNB,incremental,OK
4,BPI11/f1/60-80_80-100,10,all_in_one,complex,multinomialNB,incremental,OK
5,BPI11/f1/0-40_80-100,10,all_in_one,simpleIndex,multinomialNB,traditional,OK
6,BPI11/f1/0-60_80-100,10,all_in_one,simpleIndex,multinomialNB,traditional,OK
7,BPI11/f1/0-80_80-100,10,all_in_one,simpleIndex,multinomialNB,traditional,OK
8,BPI11/f1/40-60_80-100,10,all_in_one,simpleIndex,multinomialNB,incremental,OK
9,BPI11/f1/60-80_80-100,10,all_in_one,simpleIndex,multinomialNB,incremental,OK
10,BPI11/f1/0-40_80-100,10,all_in_one,complex,SGDClassifier,traditional,OK
11,BPI11/f1/0-60_80-100,10,all_in_one,complex,SGDClassifier,traditional,OK
12,BPI11/f1/0-80_80-100,10,all_in_one,complex,SGDClassifier,traditional,OK
13,BPI11/f1/40-60_80-100,10,all_in_one,complex,SGDClassifier,incremental,OK
14,BPI11/f1/60-80_80-100,10,all_in_one,complex,SGDClassifier,incremental,OK
15,BPI11/f1/0-40_80-100,10,all_in_one,simpleIndex,SGDClassifier,traditional,OK
16,BPI11/f1/0-60_80-100,10,all_in_one,simpleIndex,SGDClassifier,traditional,OK
17,BPI11/f1/0-80_80-100,10,all_in_one,simpleIndex,SGDClassifier,traditional,OK
18,BPI11/f1/40-60_80-100,10,all_in_one,simpleIndex,SGDClassifier,incremental,OK
19,BPI11/f1/60-80_80-100,10,all_in_one,simpleIndex,SGDClassifier,incremental,OK
20,BPI11/f1/0-40_80-100,10,all_in_one,complex,perceptron,traditional,OK
21,BPI11/f1/0-60_80-100,10,all_in_one,complex,perceptron,traditional,OK
22,BPI11/f1/0-80_80-100,10,all_in_one,complex,perceptron,traditional,OK
23,BPI11/f1/40-60_80-100,10,all_in_one,complex,perceptron,incremental,OK
24,BPI11/f1/60-80_80-100,10,all_in_one,complex,perceptron,incremental,OK
25,BPI11/f1/0-40_80-100,10,all_in_one,simpleIndex,perceptron,traditional,OK
26,BPI11/f1/0-60_80-100,10,all_in_one,simpleIndex,perceptron,traditional,OK
27,BPI11/f1/0-80_80-100,10,all_in_one,simpleIndex,perceptron,traditional,OK
28,BPI11/f1/40-60_80-100,10,all_in_one,simpleIndex,perceptron,incremental,OK
29,BPI11/f1/60-80_80-100,10,all_in_one,simpleIndex,perceptron,incremental,OK
30,BPI11/f1/0-40_80-100,30,all_in_one,complex,multinomialNB,traditional,OK
31,BPI11/f1/0-60_80-100,30,all_in_one,complex,multinomialNB,traditional,OK
32,BPI11/f1/0-80_80-100,30,all_in_one,complex,multinomialNB,traditional,OK
33,BPI11/f1/40-60_80-100,30,all_in_one,complex,multinomialNB,incremental,OK
34,BPI11/f1/60-80_80-100,30,all_in_one,complex,multinomialNB,incremental,OK
35,BPI11/f1/0-40_80-100,30,all_in_one,simpleIndex,multinomialNB,traditional,OK
36,BPI11/f1/0-60_80-100,30,all_in_one,simpleIndex,multinomialNB,traditional,OK
37,BPI11/f1/0-80_80-100,30,all_in_one,simpleIndex,multinomialNB,traditional,OK
38,BPI11/f1/40-60_80-100,30,all_in_one,simpleIndex,multinomialNB,incremental,OK
39,BPI11/f1/60-80_80-100,30,all_in_one,simpleIndex,multinomialNB,incremental,OK
40,BPI11/f1/0-40_80-100,30,all_in_one,complex,SGDClassifier,traditional,OK
41,BPI11/f1/0-60_80-100,30,all_in_one,complex,SGDClassifier,traditional,OK
42,BPI11/f1/0-80_80-100,30,all_in_one,complex,SGDClassifier,traditional,OK
43,BPI11/f1/40-60_80-100,30,all_in_one,complex,SGDClassifier,incremental,OK
44,BPI11/f1/60-80_80-100,30,all_in_one,complex,SGDClassifier,incremental,OK
45,BPI11/f1/0-40_80-100,30,all_in_one,simpleIndex,SGDClassifier,traditional,OK
46,BPI11/f1/0-60_80-100,30,all_in_one,simpleIndex,SGDClassifier,traditional,OK
47,BPI11/f1/0-80_80-100,30,all_in_one,simpleIndex,SGDClassifier,traditional,OK
48,BPI11/f1/40-60_80-100,30,all_in_one,simpleIndex,SGDClassifier,incremental,OK
49,BPI11/f1/60-80_80-100,30,all_in_one,simpleIndex,SGDClassifier,incremental,OK
50,BPI11/f1/0-40_80-100,30,all_in_one,complex,perceptron,traditional,OK
51,BPI11/f1/0-60_80-100,30,all_in_one,complex,perceptron,traditional,OK
52,BPI11/f1/0-80_80-100,30,all_in_one,complex,perceptron,traditional,OK
53,BPI11/f1/40-60_80-100,30,all_in_one,complex,perceptron,incremental,OK
54,BPI11/f1/60-80_80-100,30,all_in_one,complex,perceptron,incremental,OK
55,BPI11/f1/0-40_80-100,30,all_in_one,simpleIndex,perceptron,traditional,OK
56,BPI11/f1/0-60_80-100,30,all_in_one,simpleIndex,perceptron,traditional,OK
57,BPI11/f1/0-80_80-100,30,all_in_one,simpleIndex,perceptron,traditional,OK
58,BPI11/f1/40-60_80-100,30,all_in_one,simpleIndex,perceptron,incremental,OK
59,BPI11/f1/60-80_80-100,30,all_in_one,simpleIndex,perceptron,incremental,OK
60,BPI11/f1/0-40_80-100,50,all_in_one,complex,multinomialNB,traditional,OK
61,BPI11/f1/0-60_80-100,50,all_in_one,complex,multinomialNB,traditional,OK
62,BPI11/f1/0-80_80-100,50,all_in_one,complex,multinomialNB,traditional,OK
63,BPI11/f1/40-60_80-100,50,all_in_one,complex,multinomialNB,incremental,OK
64,BPI11/f1/60-80_80-100,50,all_in_one,complex,multinomialNB,incremental,OK
65,BPI11/f1/0-40_80-100,50,all_in_one,simpleIndex,multinomialNB,traditional,OK
66,BPI11/f1/0-60_80-100,50,all_in_one,simpleIndex,multinomialNB,traditional,OK
67,BPI11/f1/0-80_80-100,50,all_in_one,simpleIndex,multinomialNB,traditional,OK
68,BPI11/f1/40-60_80-100,50,all_in_one,simpleIndex,multinomialNB,incremental,OK
69,BPI11/f1/60-80_80-100,50,all_in_one,simpleIndex,multinomialNB,incremental,OK
70,BPI11/f1/0-40_80-100,50,all_in_one,complex,SGDClassifier,traditional,OK
71,BPI11/f1/0-60_80-100,50,all_in_one,complex,SGDClassifier,traditional,OK
72,BPI11/f1/0-80_80-100,50,all_in_one,complex,SGDClassifier,traditional,OK
73,BPI11/f1/40-60_80-100,50,all_in_one,complex,SGDClassifier,incremental,OK
74,BPI11/f1/60-80_80-100,50,all_in_one,complex,SGDClassifier,incremental,OK
75,BPI11/f1/0-40_80-100,50,all_in_one,simpleIndex,SGDClassifier,traditional,OK
76,BPI11/f1/0-60_80-100,50,all_in_one,simpleIndex,SGDClassifier,traditional,OK
77,BPI11/f1/0-80_80-100,50,all_in_one,simpleIndex,SGDClassifier,traditional,OK
78,BPI11/f1/40-60_80-100,50,all_in_one,simpleIndex,SGDClassifier,incremental,OK
79,BPI11/f1/60-80_80-100,50,all_in_one,simpleIndex,SGDClassifier,incremental,OK
80,BPI11/f1/0-40_80-100,50,all_in_one,complex,perceptron,traditional,OK
81,BPI11/f1/0-60_80-100,50,all_in_one,complex,perceptron,traditional,OK
82,BPI11/f1/0-80_80-100,50,all_in_one,complex,perceptron,traditional,OK
83,BPI11/f1/40-60_80-100,50,all_in_one,complex,perceptron,incremental,OK
84,BPI11/f1/60-80_80-100,50,all_in_one,complex,perceptron,incremental,OK
85,BPI11/f1/0-40_80-100,50,all_in_one,simpleIndex,perceptron,traditional,OK
86,BPI11/f1/0-60_80-100,50,all_in_one,simpleIndex,perceptron,traditional,OK
87,BPI11/f1/0-80_80-100,50,all_in_one,simpleIndex,perceptron,traditional,OK
88,BPI11/f1/40-60_80-100,50,all_in_one,simpleIndex,perceptron,incremental,OK
89,BPI11/f1/60-80_80-100,50,all_in_one,simpleIndex,perceptron,incremental,OK
90,BPI11/f1/0-40_80-100,70,all_in_one,complex,multinomialNB,traditional,OK
91,BPI11/f1/0-60_80-100,70,all_in_one,complex,multinomialNB,traditional,OK
92,BPI11/f1/0-80_80-100,70,all_in_one,complex,multinomialNB,traditional,OK
93,BPI11/f1/40-60_80-100,70,all_in_one,complex,multinomialNB,incremental,OK
94,BPI11/f1/60-80_80-100,70,all_in_one,complex,multinomialNB,incremental,OK
95,BPI11/f1/0-40_80-100,70,all_in_one,simpleIndex,multinomialNB,traditional,OK
96,BPI11/f1/0-60_80-100,70,all_in_one,simpleIndex,multinomialNB,traditional,OK
97,BPI11/f1/0-80_80-100,70,all_in_one,simpleIndex,multinomialNB,traditional,OK
98,BPI11/f1/40-60_80-100,70,all_in_one,simpleIndex,multinomialNB,incremental,OK
99,BPI11/f1/60-80_80-100,70,all_in_one,simpleIndex,multinomialNB,incremental,OK
100,BPI11/f1/0-40_80-100,70,all_in_one,complex,SGDClassifier,traditional,OK
101,BPI11/f1/0-60_80-100,70,all_in_one,complex,SGDClassifier,traditional,OK
102,BPI11/f1/0-80_80-100,70,all_in_one,complex,SGDClassifier,traditional,OK
103,BPI11/f1/40-60_80-100,70,all_in_one,complex,SGDClassifier,incremental,OK
104,BPI11/f1/60-80_80-100,70,all_in_one,complex,SGDClassifier,incremental,OK
105,BPI11/f1/0-40_80-100,70,all_in_one,simpleIndex,SGDClassifier,traditional,OK
106,BPI11/f1/0-60_80-100,70,all_in_one,simpleIndex,SGDClassifier,traditional,OK
107,BPI11/f1/0-80_80-100,70,all_in_one,simpleIndex,SGDClassifier,traditional,OK
108,BPI11/f1/40-60_80-100,70,all_in_one,simpleIndex,SGDClassifier,incremental,OK
109,BPI11/f1/60-80_80-100,70,all_in_one,simpleIndex,SGDClassifier,incremental,OK
110,BPI11/f1/0-40_80-100,70,all_in_one,complex,perceptron,traditional,OK
111,BPI11/f1/0-60_80-100,70,all_in_one,complex,perceptron,traditional,OK
112,BPI11/f1/0-80_80-100,70,all_in_one,complex,perceptron,traditional,OK
113,BPI11/f1/40-60_80-100,70,all_in_one,complex,perceptron,incremental,OK
114,BPI11/f1/60-80_80-100,70,all_in_one,complex,perceptron,incremental,OK
115,BPI11/f1/0-40_80-100,70,all_in_one,simpleIndex,perceptron,traditional,OK
116,BPI11/f1/0-60_80-100,70,all_in_one,simpleIndex,perceptron,traditional,OK
117,BPI11/f1/0-80_80-100,70,all_in_one,simpleIndex,perceptron,traditional,OK
118,BPI11/f1/40-60_80-100,70,all_in_one,simpleIndex,perceptron,incremental,OK
119,BPI11/f1/60-80_80-100,70,all_in_one,simpleIndex,perceptron,incremental,OK
120,BPI11/f2/0-40_80-100,10,all_in_one,complex,multinomialNB,traditional,OK
121,BPI11/f2/0-60_80-100,10,all_in_one,complex,multinomialNB,traditional,OK
122,BPI11/f2/0-80_80-100,10,all_in_one,complex,multinomialNB,traditional,OK
123,BPI11/f2/40-60_80-100,10,all_in_one,complex,multinomialNB,incremental,OK
124,BPI11/f2/60-80_80-100,10,all_in_one,complex,multinomialNB,incremental,OK
125,BPI11/f2/0-40_80-100,10,all_in_one,simpleIndex,multinomialNB,traditional,OK
126,BPI11/f2/0-60_80-100,10,all_in_one,simpleIndex,multinomialNB,traditional,OK
127,BPI11/f2/0-80_80-100,10,all_in_one,simpleIndex,multinomialNB,traditional,OK
128,BPI11/f2/40-60_80-100,10,all_in_one,simpleIndex,multinomialNB,incremental,OK
129,BPI11/f2/60-80_80-100,10,all_in_one,simpleIndex,multinomialNB,incremental,OK
130,BPI11/f2/0-40_80-100,10,all_in_one,complex,SGDClassifier,traditional,OK
131,BPI11/f2/0-60_80-100,10,all_in_one,complex,SGDClassifier,traditional,OK
132,BPI11/f2/0-80_80-100,10,all_in_one,complex,SGDClassifier,traditional,OK
133,BPI11/f2/40-60_80-100,10,all_in_one,complex,SGDClassifier,incremental,OK
134,BPI11/f2/60-80_80-100,10,all_in_one,complex,SGDClassifier,incremental,OK
135,BPI11/f2/0-40_80-100,10,all_in_one,simpleIndex,SGDClassifier,traditional,OK
136,BPI11/f2/0-60_80-100,10,all_in_one,simpleIndex,SGDClassifier,traditional,OK
137,BPI11/f2/0-80_80-100,10,all_in_one,simpleIndex,SGDClassifier,traditional,OK
138,BPI11/f2/40-60_80-100,10,all_in_one,simpleIndex,SGDClassifier,incremental,OK
139,BPI11/f2/60-80_80-100,10,all_in_one,simpleIndex,SGDClassifier,incremental,OK
140,BPI11/f2/0-40_80-100,10,all_in_one,complex,perceptron,traditional,OK
141,BPI11/f2/0-60_80-100,10,all_in_one,complex,perceptron,traditional,OK
142,BPI11/f2/0-80_80-100,10,all_in_one,complex,perceptron,traditional,OK
143,BPI11/f2/40-60_80-100,10,all_in_one,complex,perceptron,incremental,OK
144,BPI11/f2/60-80_80-100,10,all_in_one,complex,perceptron,incremental,OK
145,BPI11/f2/0-40_80-100,10,all_in_one,simpleIndex,perceptron,traditional,OK
146,BPI11/f2/0-60_80-100,10,all_in_one,simpleIndex,perceptron,traditional,OK
147,BPI11/f2/0-80_80-100,10,all_in_one,simpleIndex,perceptron,traditional,OK
148,BPI11/f2/40-60_80-100,10,all_in_one,simpleIndex,perceptron,incremental,OK
149,BPI11/f2/60-80_80-100,10,all_in_one,simpleIndex,perceptron,incremental,OK
150,BPI11/f2/0-40_80-100,30,all_in_one,complex,multinomialNB,traditional,OK
151,BPI11/f2/0-60_80-100,30,all_in_one,complex,multinomialNB,traditional,OK
152,BPI11/f2/0-80_80-100,30,all_in_one,complex,multinomialNB,traditional,OK
153,BPI11/f2/40-60_80-100,30,all_in_one,complex,multinomialNB,incremental,OK
154,BPI11/f2/60-80_80-100,30,all_in_one,complex,multinomialNB,incremental,OK
155,BPI11/f2/0-40_80-100,30,all_in_one,simpleIndex,multinomialNB,traditional,OK
156,BPI11/f2/0-60_80-100,30,all_in_one,simpleIndex,multinomialNB,traditional,OK
157,BPI11/f2/0-80_80-100,30,all_in_one,simpleIndex,multinomialNB,traditional,OK
158,BPI11/f2/40-60_80-100,30,all_in_one,simpleIndex,multinomialNB,incremental,OK
159,BPI11/f2/60-80_80-100,30,all_in_one,simpleIndex,multinomialNB,incremental,OK
160,BPI11/f2/0-40_80-100,30,all_in_one,complex,SGDClassifier,traditional,OK
161,BPI11/f2/0-60_80-100,30,all_in_one,complex,SGDClassifier,traditional,OK
162,BPI11/f2/0-80_80-100,30,all_in_one,complex,SGDClassifier,traditional,OK
163,BPI11/f2/40-60_80-100,30,all_in_one,complex,SGDClassifier,incremental,OK
164,BPI11/f2/60-80_80-100,30,all_in_one,complex,SGDClassifier,incremental,OK
165,BPI11/f2/0-40_80-100,30,all_in_one,simpleIndex,SGDClassifier,traditional,OK
166,BPI11/f2/0-60_80-100,30,all_in_one,simpleIndex,SGDClassifier,traditional,OK
167,BPI11/f2/0-80_80-100,30,all_in_one,simpleIndex,SGDClassifier,traditional,OK
168,BPI11/f2/40-60_80-100,30,all_in_one,simpleIndex,SGDClassifier,incremental,OK
169,BPI11/f2/60-80_80-100,30,all_in_one,simpleIndex,SGDClassifier,incremental,OK
170,BPI11/f2/0-40_80-100,30,all_in_one,complex,perceptron,traditional,OK
171,BPI11/f2/0-60_80-100,30,all_in_one,complex,perceptron,traditional,OK
172,BPI11/f2/0-80_80-100,30,all_in_one,complex,perceptron,traditional,OK
173,BPI11/f2/40-60_80-100,30,all_in_one,complex,perceptron,incremental,OK
174,BPI11/f2/60-80_80-100,30,all_in_one,complex,perceptron,incremental,OK
175,BPI11/f2/0-40_80-100,30,all_in_one,simpleIndex,perceptron,traditional,OK
176,BPI11/f2/0-60_80-100,30,all_in_one,simpleIndex,perceptron,traditional,OK
177,BPI11/f2/0-80_80-100,30,all_in_one,simpleIndex,perceptron,traditional,OK
178,BPI11/f2/40-60_80-100,30,all_in_one,simpleIndex,perceptron,incremental,OK
179,BPI11/f2/60-80_80-100,30,all_in_one,simpleIndex,perceptron,incremental,OK
180,BPI11/f2/0-40_80-100,50,all_in_one,complex,multinomialNB,traditional,OK
181,BPI11/f2/0-60_80-100,50,all_in_one,complex,multinomialNB,traditional,OK
182,BPI11/f2/0-80_80-100,50,all_in_one,complex,multinomialNB,traditional,OK
183,BPI11/f2/40-60_80-100,50,all_in_one,complex,multinomialNB,incremental,OK
184,BPI11/f2/60-80_80-100,50,all_in_one,complex,multinomialNB,incremental,OK
185,BPI11/f2/0-40_80-100,50,all_in_one,simpleIndex,multinomialNB,traditional,OK
186,BPI11/f2/0-60_80-100,50,all_in_one,simpleIndex,multinomialNB,traditional,OK
187,BPI11/f2/0-80_80-100,50,all_in_one,simpleIndex,multinomialNB,traditional,OK
188,BPI11/f2/40-60_80-100,50,all_in_one,simpleIndex,multinomialNB,incremental,OK
189,BPI11/f2/60-80_80-100,50,all_in_one,simpleIndex,multinomialNB,incremental,OK
190,BPI11/f2/0-40_80-100,50,all_in_one,complex,SGDClassifier,traditional,OK
191,BPI11/f2/0-60_80-100,50,all_in_one,complex,SGDClassifier,traditional,OK
192,BPI11/f2/0-80_80-100,50,all_in_one,complex,SGDClassifier,traditional,OK
193,BPI11/f2/40-60_80-100,50,all_in_one,complex,SGDClassifier,incremental,OK
194,BPI11/f2/60-80_80-100,50,all_in_one,complex,SGDClassifier,incremental,OK
195,BPI11/f2/0-40_80-100,50,all_in_one,simpleIndex,SGDClassifier,traditional,OK
196,BPI11/f2/0-60_80-100,50,all_in_one,simpleIndex,SGDClassifier,traditional,OK
197,BPI11/f2/0-80_80-100,50,all_in_one,simpleIndex,SGDClassifier,traditional,OK
198,BPI11/f2/40-60_80-100,50,all_in_one,simpleIndex,SGDClassifier,incremental,OK
199,BPI11/f2/60-80_80-100,50,all_in_one,simpleIndex,SGDClassifier,incremental,OK
200,BPI11/f2/0-40_80-100,50,all_in_one,complex,perceptron,traditional,OK
201,BPI11/f2/0-60_80-100,50,all_in_one,complex,perceptron,traditional,OK
202,BPI11/f2/0-80_80-100,50,all_in_one,complex,perceptron,traditional,OK
203,BPI11/f2/40-60_80-100,50,all_in_one,complex,perceptron,incremental,OK
204,BPI11/f2/60-80_80-100,50,all_in_one,complex,perceptron,incremental,OK
205,BPI11/f2/0-40_80-100,50,all_in_one,simpleIndex,perceptron,traditional,OK
206,BPI11/f2/0-60_80-100,50,all_in_one,simpleIndex,perceptron,traditional,OK
207,BPI11/f2/0-80_80-100,50,all_in_one,simpleIndex,perceptron,traditional,OK
208,BPI11/f2/40-60_80-100,50,all_in_one,simpleIndex,perceptron,incremental,OK
209,BPI11/f2/60-80_80-100,50,all_in_one,simpleIndex,perceptron,incremental,OK
210,BPI11/f2/0-40_80-100,70,all_in_one,complex,multinomialNB,traditional,OK
211,BPI11/f2/0-60_80-100,70,all_in_one,complex,multinomialNB,traditional,OK
212,BPI11/f2/0-80_80-100,70,all_in_one,complex,multinomialNB,traditional,OK
213,BPI11/f2/40-60_80-100,70,all_in_one,complex,multinomialNB,incremental,OK
214,BPI11/f2/60-80_80-100,70,all_in_one,complex,multinomialNB,incremental,OK
215,BPI11/f2/0-40_80-100,70,all_in_one,simpleIndex,multinomialNB,traditional,OK
216,BPI11/f2/0-60_80-100,70,all_in_one,simpleIndex,multinomialNB,traditional,OK
217,BPI11/f2/0-80_80-100,70,all_in_one,simpleIndex,multinomialNB,traditional,OK
218,BPI11/f2/40-60_80-100,70,all_in_one,simpleIndex,multinomialNB,incremental,OK
219,BPI11/f2/60-80_80-100,70,all_in_one,simpleIndex,multinomialNB,incremental,NOK
220,BPI11/f2/0-40_80-100,70,all_in_one,complex,SGDClassifier,traditional,OK
221,BPI11/f2/0-60_80-100,70,all_in_one,complex,SGDClassifier,traditional,OK
222,BPI11/f2/0-80_80-100,70,all_in_one,complex,SGDClassifier,traditional,OK
223,BPI11/f2/40-60_80-100,70,all_in_one,complex,SGDClassifier,incremental,OK
224,BPI11/f2/60-80_80-100,70,all_in_one,complex,SGDClassifier,incremental,OK
225,BPI11/f2/0-40_80-100,70,all_in_one,simpleIndex,SGDClassifier,traditional,OK
226,BPI11/f2/0-60_80-100,70,all_in_one,simpleIndex,SGDClassifier,traditional,OK
227,BPI11/f2/0-80_80-100,70,all_in_one,simpleIndex,SGDClassifier,traditional,OK
228,BPI11/f2/40-60_80-100,70,all_in_one,simpleIndex,SGDClassifier,incremental,OK
229,BPI11/f2/60-80_80-100,70,all_in_one,simpleIndex,SGDClassifier,incremental,OK
230,BPI11/f2/0-40_80-100,70,all_in_one,complex,perceptron,traditional,OK
231,BPI11/f2/0-60_80-100,70,all_in_one,complex,perceptron,traditional,OK
232,BPI11/f2/0-80_80-100,70,all_in_one,complex,perceptron,traditional,OK
233,BPI11/f2/40-60_80-100,70,all_in_one,complex,perceptron,incremental,OK
234,BPI11/f2/60-80_80-100,70,all_in_one,complex,perceptron,incremental,OK
235,BPI11/f2/0-40_80-100,70,all_in_one,simpleIndex,perceptron,traditional,OK
236,BPI11/f2/0-60_80-100,70,all_in_one,simpleIndex,perceptron,traditional,OK
237,BPI11/f2/0-80_80-100,70,all_in_one,simpleIndex,perceptron,traditional,OK
238,BPI11/f2/40-60_80-100,70,all_in_one,simpleIndex,perceptron,incremental,OK
239,BPI11/f2/60-80_80-100,70,all_in_one,simpleIndex,perceptron,incremental,OK
240,BPI11/f3/0-40_80-100,10,all_in_one,complex,multinomialNB,traditional,OK
241,BPI11/f3/0-60_80-100,10,all_in_one,complex,multinomialNB,traditional,OK
242,BPI11/f3/0-80_80-100,10,all_in_one,complex,multinomialNB,traditional,OK
243,BPI11/f3/40-60_80-100,10,all_in_one,complex,multinomialNB,incremental,OK
244,BPI11/f3/60-80_80-100,10,all_in_one,complex,multinomialNB,incremental,OK
245,BPI11/f3/0-40_80-100,10,all_in_one,simpleIndex,multinomialNB,traditional,OK
246,BPI11/f3/0-60_80-100,10,all_in_one,simpleIndex,multinomialNB,traditional,OK
247,BPI11/f3/0-80_80-100,10,all_in_one,simpleIndex,multinomialNB,traditional,OK
248,BPI11/f3/40-60_80-100,10,all_in_one,simpleIndex,multinomialNB,incremental,OK
249,BPI11/f3/60-80_80-100,10,all_in_one,simpleIndex,multinomialNB,incremental,OK
250,BPI11/f3/0-40_80-100,10,all_in_one,complex,SGDClassifier,traditional,OK
251,BPI11/f3/0-60_80-100,10,all_in_one,complex,SGDClassifier,traditional,OK
252,BPI11/f3/0-80_80-100,10,all_in_one,complex,SGDClassifier,traditional,OK
253,BPI11/f3/40-60_80-100,10,all_in_one,complex,SGDClassifier,incremental,OK
254,BPI11/f3/60-80_80-100,10,all_in_one,complex,SGDClassifier,incremental,OK
255,BPI11/f3/0-40_80-100,10,all_in_one,simpleIndex,SGDClassifier,traditional,OK
256,BPI11/f3/0-60_80-100,10,all_in_one,simpleIndex,SGDClassifier,traditional,OK
257,BPI11/f3/0-80_80-100,10,all_in_one,simpleIndex,SGDClassifier,traditional,OK
258,BPI11/f3/40-60_80-100,10,all_in_one,simpleIndex,SGDClassifier,incremental,OK
259,BPI11/f3/60-80_80-100,10,all_in_one,simpleIndex,SGDClassifier,incremental,OK
260,BPI11/f3/0-40_80-100,10,all_in_one,complex,perceptron,traditional,OK
261,BPI11/f3/0-60_80-100,10,all_in_one,complex,perceptron,traditional,OK
262,BPI11/f3/0-80_80-100,10,all_in_one,complex,perceptron,traditional,OK
263,BPI11/f3/40-60_80-100,10,all_in_one,complex,perceptron,incremental,OK
264,BPI11/f3/60-80_80-100,10,all_in_one,complex,perceptron,incremental,OK
265,BPI11/f3/0-40_80-100,10,all_in_one,simpleIndex,perceptron,traditional,OK
266,BPI11/f3/0-60_80-100,10,all_in_one,simpleIndex,perceptron,traditional,OK
267,BPI11/f3/0-80_80-100,10,all_in_one,simpleIndex,perceptron,traditional,OK
268,BPI11/f3/40-60_80-100,10,all_in_one,simpleIndex,perceptron,incremental,OK
269,BPI11/f3/60-80_80-100,10,all_in_one,simpleIndex,perceptron,incremental,OK
270,BPI11/f3/0-40_80-100,30,all_in_one,complex,multinomialNB,traditional,OK
271,BPI11/f3/0-60_80-100,30,all_in_one,complex,multinomialNB,traditional,OK
272,BPI11/f3/0-80_80-100,30,all_in_one,complex,multinomialNB,traditional,OK
273,BPI11/f3/40-60_80-100,30,all_in_one,complex,multinomialNB,incremental,OK
274,BPI11/f3/60-80_80-100,30,all_in_one,complex,multinomialNB,incremental,OK
275,BPI11/f3/0-40_80-100,30,all_in_one,simpleIndex,multinomialNB,traditional,OK
276,BPI11/f3/0-60_80-100,30,all_in_one,simpleIndex,multinomialNB,traditional,OK
277,BPI11/f3/0-80_80-100,30,all_in_one,simpleIndex,multinomialNB,traditional,OK
278,BPI11/f3/40-60_80-100,30,all_in_one,simpleIndex,multinomialNB,incremental,OK
279,BPI11/f3/60-80_80-100,30,all_in_one,simpleIndex,multinomialNB,incremental,OK
280,BPI11/f3/0-40_80-100,30,all_in_one,complex,SGDClassifier,traditional,OK
281,BPI11/f3/0-60_80-100,30,all_in_one,complex,SGDClassifier,traditional,OK
282,BPI11/f3/0-80_80-100,30,all_in_one,complex,SGDClassifier,traditional,OK
283,BPI11/f3/40-60_80-100,30,all_in_one,complex,SGDClassifier,incremental,OK
284,BPI11/f3/60-80_80-100,30,all_in_one,complex,SGDClassifier,incremental,OK
285,BPI11/f3/0-40_80-100,30,all_in_one,simpleIndex,SGDClassifier,traditional,OK
286,BPI11/f3/0-60_80-100,30,all_in_one,simpleIndex,SGDClassifier,traditional,OK
287,BPI11/f3/0-80_80-100,30,all_in_one,simpleIndex,SGDClassifier,traditional,OK
288,BPI11/f3/40-60_80-100,30,all_in_one,simpleIndex,SGDClassifier,incremental,OK
289,BPI11/f3/60-80_80-100,30,all_in_one,simpleIndex,SGDClassifier,incremental,OK
290,BPI11/f3/0-40_80-100,30,all_in_one,complex,perceptron,traditional,OK
291,BPI11/f3/0-60_80-100,30,all_in_one,complex,perceptron,traditional,OK
292,BPI11/f3/0-80_80-100,30,all_in_one,complex,perceptron,traditional,OK
293,BPI11/f3/40-60_80-100,30,all_in_one,complex,perceptron,incremental,OK
294,BPI11/f3/60-80_80-100,30,all_in_one,complex,perceptron,incremental,OK
295,BPI11/f3/0-40_80-100,30,all_in_one,simpleIndex,perceptron,traditional,OK
296,BPI11/f3/0-60_80-100,30,all_in_one,simpleIndex,perceptron,traditional,OK
297,BPI11/f3/0-80_80-100,30,all_in_one,simpleIndex,perceptron,traditional,OK
298,BPI11/f3/40-60_80-100,30,all_in_one,simpleIndex,perceptron,incremental,OK
299,BPI11/f3/60-80_80-100,30,all_in_one,simpleIndex,perceptron,incremental,OK
300,BPI11/f3/0-40_80-100,50,all_in_one,complex,multinomialNB,traditional,OK
301,BPI11/f3/0-60_80-100,50,all_in_one,complex,multinomialNB,traditional,OK
302,BPI11/f3/0-80_80-100,50,all_in_one,complex,multinomialNB,traditional,OK
303,BPI11/f3/40-60_80-100,50,all_in_one,complex,multinomialNB,incremental,OK
304,BPI11/f3/60-80_80-100,50,all_in_one,complex,multinomialNB,incremental,OK
305,BPI11/f3/0-40_80-100,50,all_in_one,simpleIndex,multinomialNB,traditional,OK
306,BPI11/f3/0-60_80-100,50,all_in_one,simpleIndex,multinomialNB,traditional,OK
307,BPI11/f3/0-80_80-100,50,all_in_one,simpleIndex,multinomialNB,traditional,OK
308,BPI11/f3/40-60_80-100,50,all_in_one,simpleIndex,multinomialNB,incremental,OK
309,BPI11/f3/60-80_80-100,50,all_in_one,simpleIndex,multinomialNB,incremental,OK
310,BPI11/f3/0-40_80-100,50,all_in_one,complex,SGDClassifier,traditional,OK
311,BPI11/f3/0-60_80-100,50,all_in_one,complex,SGDClassifier,traditional,OK
312,BPI11/f3/0-80_80-100,50,all_in_one,complex,SGDClassifier,traditional,OK
313,BPI11/f3/40-60_80-100,50,all_in_one,complex,SGDClassifier,incremental,OK
314,BPI11/f3/60-80_80-100,50,all_in_one,complex,SGDClassifier,incremental,OK
315,BPI11/f3/0-40_80-100,50,all_in_one,simpleIndex,SGDClassifier,traditional,OK
316,BPI11/f3/0-60_80-100,50,all_in_one,simpleIndex,SGDClassifier,traditional,OK
317,BPI11/f3/0-80_80-100,50,all_in_one,simpleIndex,SGDClassifier,traditional,OK
318,BPI11/f3/40-60_80-100,50,all_in_one,simpleIndex,SGDClassifier,incremental,OK
319,BPI11/f3/60-80_80-100,50,all_in_one,simpleIndex,SGDClassifier,incremental,OK
320,BPI11/f3/0-40_80-100,50,all_in_one,complex,perceptron,traditional,OK
321,BPI11/f3/0-60_80-100,50,all_in_one,complex,perceptron,traditional,OK
322,BPI11/f3/0-80_80-100,50,all_in_one,complex,perceptron,traditional,OK
323,BPI11/f3/40-60_80-100,50,all_in_one,complex,perceptron,incremental,OK
324,BPI11/f3/60-80_80-100,50,all_in_one,complex,perceptron,incremental,OK
325,BPI11/f3/0-40_80-100,50,all_in_one,simpleIndex,perceptron,traditional,OK
326,BPI11/f3/0-60_80-100,50,all_in_one,simpleIndex,perceptron,traditional,OK
327,BPI11/f3/0-80_80-100,50,all_in_one,simpleIndex,perceptron,traditional,OK
328,BPI11/f3/40-60_80-100,50,all_in_one,simpleIndex,perceptron,incremental,OK
329,BPI11/f3/60-80_80-100,50,all_in_one,simpleIndex,perceptron,incremental,OK
330,BPI11/f3/0-40_80-100,70,all_in_one,complex,multinomialNB,traditional,OK
331,BPI11/f3/0-60_80-100,70,all_in_one,complex,multinomialNB,traditional,OK
332,BPI11/f3/0-80_80-100,70,all_in_one,complex,multinomialNB,traditional,OK
333,BPI11/f3/40-60_80-100,70,all_in_one,complex,multinomialNB,incremental,OK
334,BPI11/f3/60-80_80-100,70,all_in_one,complex,multinomialNB,incremental,OK
335,BPI11/f3/0-40_80-100,70,all_in_one,simpleIndex,multinomialNB,traditional,OK
336,BPI11/f3/0-60_80-100,70,all_in_one,simpleIndex,multinomialNB,traditional,OK
337,BPI11/f3/0-80_80-100,70,all_in_one,simpleIndex,multinomialNB,traditional,OK
338,BPI11/f3/40-60_80-100,70,all_in_one,simpleIndex,multinomialNB,incremental,OK
339,BPI11/f3/60-80_80-100,70,all_in_one,simpleIndex,multinomialNB,incremental,OK
340,BPI11/f3/0-40_80-100,70,all_in_one,complex,SGDClassifier,traditional,OK
341,BPI11/f3/0-60_80-100,70,all_in_one,complex,SGDClassifier,traditional,OK
342,BPI11/f3/0-80_80-100,70,all_in_one,complex,SGDClassifier,traditional,OK
343,BPI11/f3/40-60_80-100,70,all_in_one,complex,SGDClassifier,incremental,OK
344,BPI11/f3/60-80_80-100,70,all_in_one,complex,SGDClassifier,incremental,OK
345,BPI11/f3/0-40_80-100,70,all_in_one,simpleIndex,SGDClassifier,traditional,OK
346,BPI11/f3/0-60_80-100,70,all_in_one,simpleIndex,SGDClassifier,traditional,OK
347,BPI11/f3/0-80_80-100,70,all_in_one,simpleIndex,SGDClassifier,traditional,OK
348,BPI11/f3/40-60_80-100,70,all_in_one,simpleIndex,SGDClassifier,incremental,OK
349,BPI11/f3/60-80_80-100,70,all_in_one,simpleIndex,SGDClassifier,incremental,OK
350,BPI11/f3/0-40_80-100,70,all_in_one,complex,perceptron,traditional,OK
351,BPI11/f3/0-60_80-100,70,all_in_one,complex,perceptron,traditional,OK
352,BPI11/f3/0-80_80-100,70,all_in_one,complex,perceptron,traditional,OK
353,BPI11/f3/40-60_80-100,70,all_in_one,complex,perceptron,incremental,OK
354,BPI11/f3/60-80_80-100,70,all_in_one,complex,perceptron,incremental,OK
355,BPI11/f3/0-40_80-100,70,all_in_one,simpleIndex,perceptron,traditional,OK
356,BPI11/f3/0-60_80-100,70,all_in_one,simpleIndex,perceptron,traditional,OK
357,BPI11/f3/0-80_80-100,70,all_in_one,simpleIndex,perceptron,traditional,OK
358,BPI11/f3/40-60_80-100,70,all_in_one,simpleIndex,perceptron,incremental,OK
359,BPI11/f3/60-80_80-100,70,all_in_one,simpleIndex,perceptron,incremental,OK
360,BPI11/f4/0-40_80-100,10,all_in_one,complex,multinomialNB,traditional,OK
361,BPI11/f4/0-60_80-100,10,all_in_one,complex,multinomialNB,traditional,OK
362,BPI11/f4/0-80_80-100,10,all_in_one,complex,multinomialNB,traditional,OK
363,BPI11/f4/40-60_80-100,10,all_in_one,complex,multinomialNB,incremental,OK
364,BPI11/f4/60-80_80-100,10,all_in_one,complex,multinomialNB,incremental,NOK
365,BPI11/f4/0-40_80-100,10,all_in_one,simpleIndex,multinomialNB,traditional,OK
366,BPI11/f4/0-60_80-100,10,all_in_one,simpleIndex,multinomialNB,traditional,OK
367,BPI11/f4/0-80_80-100,10,all_in_one,simpleIndex,multinomialNB,traditional,OK
368,BPI11/f4/40-60_80-100,10,all_in_one,simpleIndex,multinomialNB,incremental,OK
369,BPI11/f4/60-80_80-100,10,all_in_one,simpleIndex,multinomialNB,incremental,OK
370,BPI11/f4/0-40_80-100,10,all_in_one,complex,SGDClassifier,traditional,NOK
371,BPI11/f4/0-60_80-100,10,all_in_one,complex,SGDClassifier,traditional,OK
372,BPI11/f4/0-80_80-100,10,all_in_one,complex,SGDClassifier,traditional,OK
373,BPI11/f4/40-60_80-100,10,all_in_one,complex,SGDClassifier,incremental,NOK
374,BPI11/f4/60-80_80-100,10,all_in_one,complex,SGDClassifier,incremental,NOK
375,BPI11/f4/0-40_80-100,10,all_in_one,simpleIndex,SGDClassifier,traditional,NOK
376,BPI11/f4/0-60_80-100,10,all_in_one,simpleIndex,SGDClassifier,traditional,OK
377,BPI11/f4/0-80_80-100,10,all_in_one,simpleIndex,SGDClassifier,traditional,OK
378,BPI11/f4/40-60_80-100,10,all_in_one,simpleIndex,SGDClassifier,incremental,NOK
379,BPI11/f4/60-80_80-100,10,all_in_one,simpleIndex,SGDClassifier,incremental,NOK
380,BPI11/f4/0-40_80-100,10,all_in_one,complex,perceptron,traditional,NOK
381,BPI11/f4/0-60_80-100,10,all_in_one,complex,perceptron,traditional,OK
382,BPI11/f4/0-80_80-100,10,all_in_one,complex,perceptron,traditional,OK
383,BPI11/f4/40-60_80-100,10,all_in_one,complex,perceptron,incremental,NOK
384,BPI11/f4/60-80_80-100,10,all_in_one,complex,perceptron,incremental,NOK
385,BPI11/f4/0-40_80-100,10,all_in_one,simpleIndex,perceptron,traditional,NOK
386,BPI11/f4/0-60_80-100,10,all_in_one,simpleIndex,perceptron,traditional,OK
387,BPI11/f4/0-80_80-100,10,all_in_one,simpleIndex,perceptron,traditional,OK
388,BPI11/f4/40-60_80-100,10,all_in_one,simpleIndex,perceptron,incremental,NOK
389,BPI11/f4/60-80_80-100,10,all_in_one,simpleIndex,perceptron,incremental,NOK
390,BPI11/f4/0-40_80-100,30,all_in_one,complex,multinomialNB,traditional,OK
391,BPI11/f4/0-60_80-100,30,all_in_one,complex,multinomialNB,traditional,OK
392,BPI11/f4/0-80_80-100,30,all_in_one,complex,multinomialNB,traditional,OK
393,BPI11/f4/40-60_80-100,30,all_in_one,complex,multinomialNB,incremental,OK
394,BPI11/f4/60-80_80-100,30,all_in_one,complex,multinomialNB,incremental,OK
395,BPI11/f4/0-40_80-100,30,all_in_one,simpleIndex,multinomialNB,traditional,OK
396,BPI11/f4/0-60_80-100,30,all_in_one,simpleIndex,multinomialNB,traditional,OK
397,BPI11/f4/0-80_80-100,30,all_in_one,simpleIndex,multinomialNB,traditional,OK
398,BPI11/f4/40-60_80-100,30,all_in_one,simpleIndex,multinomialNB,incremental,OK
399,BPI11/f4/60-80_80-100,30,all_in_one,simpleIndex,multinomialNB,incremental,OK
400,BPI11/f4/0-40_80-100,30,all_in_one,complex,SGDClassifier,traditional,NOK
401,BPI11/f4/0-60_80-100,30,all_in_one,complex,SGDClassifier,traditional,OK
402,BPI11/f4/0-80_80-100,30,all_in_one,complex,SGDClassifier,traditional,OK
403,BPI11/f4/40-60_80-100,30,all_in_one,complex,SGDClassifier,incremental,NOK
404,BPI11/f4/60-80_80-100,30,all_in_one,complex,SGDClassifier,incremental,NOK
405,BPI11/f4/0-40_80-100,30,all_in_one,simpleIndex,SGDClassifier,traditional,NOK
406,BPI11/f4/0-60_80-100,30,all_in_one,simpleIndex,SGDClassifier,traditional,OK
407,BPI11/f4/0-80_80-100,30,all_in_one,simpleIndex,SGDClassifier,traditional,OK
408,BPI11/f4/40-60_80-100,30,all_in_one,simpleIndex,SGDClassifier,incremental,NOK
409,BPI11/f4/60-80_80-100,30,all_in_one,simpleIndex,SGDClassifier,incremental,NOK
410,BPI11/f4/0-40_80-100,30,all_in_one,complex,perceptron,traditional,NOK
411,BPI11/f4/0-60_80-100,30,all_in_one,complex,perceptron,traditional,OK
412,BPI11/f4/0-80_80-100,30,all_in_one,complex,perceptron,traditional,OK
413,BPI11/f4/40-60_80-100,30,all_in_one,complex,perceptron,incremental,NOK
414,BPI11/f4/60-80_80-100,30,all_in_one,complex,perceptron,incremental,NOK
415,BPI11/f4/0-40_80-100,30,all_in_one,simpleIndex,perceptron,traditional,NOK
416,BPI11/f4/0-60_80-100,30,all_in_one,simpleIndex,perceptron,traditional,OK
417,BPI11/f4/0-80_80-100,30,all_in_one,simpleIndex,perceptron,traditional,OK
418,BPI11/f4/40-60_80-100,30,all_in_one,simpleIndex,perceptron,incremental,NOK
419,BPI11/f4/60-80_80-100,30,all_in_one,simpleIndex,perceptron,incremental,NOK
420,BPI11/f4/0-40_80-100,50,all_in_one,complex,multinomialNB,traditional,OK
421,BPI11/f4/0-60_80-100,50,all_in_one,complex,multinomialNB,traditional,OK
422,BPI11/f4/0-80_80-100,50,all_in_one,complex,multinomialNB,traditional,OK
423,BPI11/f4/40-60_80-100,50,all_in_one,complex,multinomialNB,incremental,OK
424,BPI11/f4/60-80_80-100,50,all_in_one,complex,multinomialNB,incremental,OK
425,BPI11/f4/0-40_80-100,50,all_in_one,simpleIndex,multinomialNB,traditional,OK
426,BPI11/f4/0-60_80-100,50,all_in_one,simpleIndex,multinomialNB,traditional,OK
427,BPI11/f4/0-80_80-100,50,all_in_one,simpleIndex,multinomialNB,traditional,OK
428,BPI11/f4/40-60_80-100,50,all_in_one,simpleIndex,multinomialNB,incremental,OK
429,BPI11/f4/60-80_80-100,50,all_in_one,simpleIndex,multinomialNB,incremental,OK
430,BPI11/f4/0-40_80-100,50,all_in_one,complex,SGDClassifier,traditional,NOK
431,BPI11/f4/0-60_80-100,50,all_in_one,complex,SGDClassifier,traditional,OK
432,BPI11/f4/0-80_80-100,50,all_in_one,complex,SGDClassifier,traditional,OK
433,BPI11/f4/40-60_80-100,50,all_in_one,complex,SGDClassifier,incremental,NOK
434,BPI11/f4/60-80_80-100,50,all_in_one,complex,SGDClassifier,incremental,NOK
435,BPI11/f4/0-40_80-100,50,all_in_one,simpleIndex,SGDClassifier,traditional,NOK
436,BPI11/f4/0-60_80-100,50,all_in_one,simpleIndex,SGDClassifier,traditional,OK
437,BPI11/f4/0-80_80-100,50,all_in_one,simpleIndex,SGDClassifier,traditional,OK
438,BPI11/f4/40-60_80-100,50,all_in_one,simpleIndex,SGDClassifier,incremental,NOK
439,BPI11/f4/60-80_80-100,50,all_in_one,simpleIndex,SGDClassifier,incremental,NOK
440,BPI11/f4/0-40_80-100,50,all_in_one,complex,perceptron,traditional,NOK
441,BPI11/f4/0-60_80-100,50,all_in_one,complex,perceptron,traditional,OK
442,BPI11/f4/0-80_80-100,50,all_in_one,complex,perceptron,traditional,OK
443,BPI11/f4/40-60_80-100,50,all_in_one,complex,perceptron,incremental,NOK
444,BPI11/f4/60-80_80-100,50,all_in_one,complex,perceptron,incremental,NOK
445,BPI11/f4/0-40_80-100,50,all_in_one,simpleIndex,perceptron,traditional,NOK
446,BPI11/f4/0-60_80-100,50,all_in_one,simpleIndex,perceptron,traditional,OK
447,BPI11/f4/0-80_80-100,50,all_in_one,simpleIndex,perceptron,traditional,OK
448,BPI11/f4/40-60_80-100,50,all_in_one,simpleIndex,perceptron,incremental,NOK
449,BPI11/f4/60-80_80-100,50,all_in_one,simpleIndex,perceptron,incremental,NOK
450,BPI11/f4/0-40_80-100,70,all_in_one,complex,multinomialNB,traditional,OK
451,BPI11/f4/0-60_80-100,70,all_in_one,complex,multinomialNB,traditional,OK
452,BPI11/f4/0-80_80-100,70,all_in_one,complex,multinomialNB,traditional,OK
453,BPI11/f4/40-60_80-100,70,all_in_one,complex,multinomialNB,incremental,OK
454,BPI11/f4/60-80_80-100,70,all_in_one,complex,multinomialNB,incremental,OK
455,BPI11/f4/0-40_80-100,70,all_in_one,simpleIndex,multinomialNB,traditional,OK
456,BPI11/f4/0-60_80-100,70,all_in_one,simpleIndex,multinomialNB,traditional,OK
457,BPI11/f4/0-80_80-100,70,all_in_one,simpleIndex,multinomialNB,traditional,OK
458,BPI11/f4/40-60_80-100,70,all_in_one,simpleIndex,multinomialNB,incremental,OK
459,BPI11/f4/60-80_80-100,70,all_in_one,simpleIndex,multinomialNB,incremental,OK
460,BPI11/f4/0-40_80-100,70,all_in_one,complex,SGDClassifier,traditional,NOK
461,BPI11/f4/0-60_80-100,70,all_in_one,complex,SGDClassifier,traditional,OK
462,BPI11/f4/0-80_80-100,70,all_in_one,complex,SGDClassifier,traditional,OK
463,BPI11/f4/40-60_80-100,70,all_in_one,complex,SGDClassifier,incremental,NOK
464,BPI11/f4/60-80_80-100,70,all_in_one,complex,SGDClassifier,incremental,NOK
465,BPI11/f4/0-40_80-100,70,all_in_one,simpleIndex,SGDClassifier,traditional,NOK
466,BPI11/f4/0-60_80-100,70,all_in_one,simpleIndex,SGDClassifier,traditional,OK
467,BPI11/f4/0-80_80-100,70,all_in_one,simpleIndex,SGDClassifier,traditional,OK
468,BPI11/f4/40-60_80-100,70,all_in_one,simpleIndex,SGDClassifier,incremental,NOK
469,BPI11/f4/60-80_80-100,70,all_in_one,simpleIndex,SGDClassifier,incremental,NOK
470,BPI11/f4/0-40_80-100,70,all_in_one,complex,perceptron,traditional,NOK
471,BPI11/f4/0-60_80-100,70,all_in_one,complex,perceptron,traditional,OK
472,BPI11/f4/0-80_80-100,70,all_in_one,complex,perceptron,traditional,OK
473,BPI11/f4/40-60_80-100,70,all_in_one,complex,perceptron,incremental,NOK
474,BPI11/f4/60-80_80-100,70,all_in_one,complex,perceptron,incremental,NOK
475,BPI11/f4/0-40_80-100,70,all_in_one,simpleIndex,perceptron,traditional,NOK
476,BPI11/f4/0-60_80-100,70,all_in_one,simpleIndex,perceptron,traditional,OK
477,BPI11/f4/0-80_80-100,70,all_in_one,simpleIndex,perceptron,traditional,OK
478,BPI11/f4/40-60_80-100,70,all_in_one,simpleIndex,perceptron,incremental,NOK
479,BPI11/f4/60-80_80-100,70,all_in_one,simpleIndex,perceptron,incremental,NOK
480,BPI15/f1/0-40_80-100,10,all_in_one,complex,multinomialNB,traditional,OK
481,BPI15/f1/0-60_80-100,10,all_in_one,complex,multinomialNB,traditional,OK
482,BPI15/f1/0-80_80-100,10,all_in_one,complex,multinomialNB,traditional,OK
483,BPI15/f1/40-60_80-100,10,all_in_one,complex,multinomialNB,incremental,OK
484,BPI15/f1/60-80_80-100,10,all_in_one,complex,multinomialNB,incremental,OK
485,BPI15/f1/0-40_80-100,10,all_in_one,simpleIndex,multinomialNB,traditional,OK
486,BPI15/f1/0-60_80-100,10,all_in_one,simpleIndex,multinomialNB,traditional,OK
487,BPI15/f1/0-80_80-100,10,all_in_one,simpleIndex,multinomialNB,traditional,OK
488,BPI15/f1/40-60_80-100,10,all_in_one,simpleIndex,multinomialNB,incremental,OK
489,BPI15/f1/60-80_80-100,10,all_in_one,simpleIndex,multinomialNB,incremental,OK
490,BPI15/f1/0-40_80-100,10,all_in_one,complex,SGDClassifier,traditional,OK
491,BPI15/f1/0-60_80-100,10,all_in_one,complex,SGDClassifier,traditional,OK
492,BPI15/f1/0-80_80-100,10,all_in_one,complex,SGDClassifier,traditional,OK
493,BPI15/f1/40-60_80-100,10,all_in_one,complex,SGDClassifier,incremental,OK
494,BPI15/f1/60-80_80-100,10,all_in_one,complex,SGDClassifier,incremental,OK
495,BPI15/f1/0-40_80-100,10,all_in_one,simpleIndex,SGDClassifier,traditional,OK
496,BPI15/f1/0-60_80-100,10,all_in_one,simpleIndex,SGDClassifier,traditional,OK
497,BPI15/f1/0-80_80-100,10,all_in_one,simpleIndex,SGDClassifier,traditional,OK
498,BPI15/f1/40-60_80-100,10,all_in_one,simpleIndex,SGDClassifier,incremental,OK
499,BPI15/f1/60-80_80-100,10,all_in_one,simpleIndex,SGDClassifier,incremental,OK
500,BPI15/f1/0-40_80-100,10,all_in_one,complex,perceptron,traditional,OK
501,BPI15/f1/0-60_80-100,10,all_in_one,complex,perceptron,traditional,OK
502,BPI15/f1/0-80_80-100,10,all_in_one,complex,perceptron,traditional,OK
503,BPI15/f1/40-60_80-100,10,all_in_one,complex,perceptron,incremental,OK
504,BPI15/f1/60-80_80-100,10,all_in_one,complex,perceptron,incremental,OK
505,BPI15/f1/0-40_80-100,10,all_in_one,simpleIndex,perceptron,traditional,OK
506,BPI15/f1/0-60_80-100,10,all_in_one,simpleIndex,perceptron,traditional,OK
507,BPI15/f1/0-80_80-100,10,all_in_one,simpleIndex,perceptron,traditional,OK
508,BPI15/f1/40-60_80-100,10,all_in_one,simpleIndex,perceptron,incremental,OK
509,BPI15/f1/60-80_80-100,10,all_in_one,simpleIndex,perceptron,incremental,OK
510,BPI15/f1/0-40_80-100,30,all_in_one,complex,multinomialNB,traditional,OK
511,BPI15/f1/0-60_80-100,30,all_in_one,complex,multinomialNB,traditional,OK
512,BPI15/f1/0-80_80-100,30,all_in_one,complex,multinomialNB,traditional,OK
513,BPI15/f1/40-60_80-100,30,all_in_one,complex,multinomialNB,incremental,OK
514,BPI15/f1/60-80_80-100,30,all_in_one,complex,multinomialNB,incremental,OK
515,BPI15/f1/0-40_80-100,30,all_in_one,simpleIndex,multinomialNB,traditional,OK
516,BPI15/f1/0-60_80-100,30,all_in_one,simpleIndex,multinomialNB,traditional,OK
517,BPI15/f1/0-80_80-100,30,all_in_one,simpleIndex,multinomialNB,traditional,OK
518,BPI15/f1/40-60_80-100,30,all_in_one,simpleIndex,multinomialNB,incremental,OK
519,BPI15/f1/60-80_80-100,30,all_in_one,simpleIndex,multinomialNB,incremental,OK
520,BPI15/f1/0-40_80-100,30,all_in_one,complex,SGDClassifier,traditional,OK
521,BPI15/f1/0-60_80-100,30,all_in_one,complex,SGDClassifier,traditional,OK
522,BPI15/f1/0-80_80-100,30,all_in_one,complex,SGDClassifier,traditional,OK
523,BPI15/f1/40-60_80-100,30,all_in_one,complex,SGDClassifier,incremental,OK
524,BPI15/f1/60-80_80-100,30,all_in_one,complex,SGDClassifier,incremental,OK
525,BPI15/f1/0-40_80-100,30,all_in_one,simpleIndex,SGDClassifier,traditional,OK
526,BPI15/f1/0-60_80-100,30,all_in_one,simpleIndex,SGDClassifier,traditional,OK
527,BPI15/f1/0-80_80-100,30,all_in_one,simpleIndex,SGDClassifier,traditional,OK
528,BPI15/f1/40-60_80-100,30,all_in_one,simpleIndex,SGDClassifier,incremental,OK
529,BPI15/f1/60-80_80-100,30,all_in_one,simpleIndex,SGDClassifier,incremental,OK
530,BPI15/f1/0-40_80-100,30,all_in_one,complex,perceptron,traditional,OK
531,BPI15/f1/0-60_80-100,30,all_in_one,complex,perceptron,traditional,OK
532,BPI15/f1/0-80_80-100,30,all_in_one,complex,perceptron,traditional,OK
533,BPI15/f1/40-60_80-100,30,all_in_one,complex,perceptron,incremental,OK
534,BPI15/f1/60-80_80-100,30,all_in_one,complex,perceptron,incremental,OK
535,BPI15/f1/0-40_80-100,30,all_in_one,simpleIndex,perceptron,traditional,OK
536,BPI15/f1/0-60_80-100,30,all_in_one,simpleIndex,perceptron,traditional,OK
537,BPI15/f1/0-80_80-100,30,all_in_one,simpleIndex,perceptron,traditional,OK
538,BPI15/f1/40-60_80-100,30,all_in_one,simpleIndex,perceptron,incremental,OK
539,BPI15/f1/60-80_80-100,30,all_in_one,simpleIndex,perceptron,incremental,OK
540,BPI15/f1/0-40_80-100,50,all_in_one,complex,multinomialNB,traditional,OK
541,BPI15/f1/0-60_80-100,50,all_in_one,complex,multinomialNB,traditional,OK
542,BPI15/f1/0-80_80-100,50,all_in_one,complex,multinomialNB,traditional,OK
543,BPI15/f1/40-60_80-100,50,all_in_one,complex,multinomialNB,incremental,OK
544,BPI15/f1/60-80_80-100,50,all_in_one,complex,multinomialNB,incremental,OK
545,BPI15/f1/0-40_80-100,50,all_in_one,simpleIndex,multinomialNB,traditional,OK
546,BPI15/f1/0-60_80-100,50,all_in_one,simpleIndex,multinomialNB,traditional,OK
547,BPI15/f1/0-80_80-100,50,all_in_one,simpleIndex,multinomialNB,traditional,OK
548,BPI15/f1/40-60_80-100,50,all_in_one,simpleIndex,multinomialNB,incremental,OK
549,BPI15/f1/60-80_80-100,50,all_in_one,simpleIndex,multinomialNB,incremental,OK
550,BPI15/f1/0-40_80-100,50,all_in_one,complex,SGDClassifier,traditional,OK
551,BPI15/f1/0-60_80-100,50,all_in_one,complex,SGDClassifier,traditional,OK
552,BPI15/f1/0-80_80-100,50,all_in_one,complex,SGDClassifier,traditional,OK
553,BPI15/f1/40-60_80-100,50,all_in_one,complex,SGDClassifier,incremental,OK
554,BPI15/f1/60-80_80-100,50,all_in_one,complex,SGDClassifier,incremental,OK
555,BPI15/f1/0-40_80-100,50,all_in_one,simpleIndex,SGDClassifier,traditional,OK
556,BPI15/f1/0-60_80-100,50,all_in_one,simpleIndex,SGDClassifier,traditional,OK
557,BPI15/f1/0-80_80-100,50,all_in_one,simpleIndex,SGDClassifier,traditional,OK
558,BPI15/f1/40-60_80-100,50,all_in_one,simpleIndex,SGDClassifier,incremental,OK
559,BPI15/f1/60-80_80-100,50,all_in_one,simpleIndex,SGDClassifier,incremental,OK
560,BPI15/f1/0-40_80-100,50,all_in_one,complex,perceptron,traditional,OK
561,BPI15/f1/0-60_80-100,50,all_in_one,complex,perceptron,traditional,OK
562,BPI15/f1/0-80_80-100,50,all_in_one,complex,perceptron,traditional,OK
563,BPI15/f1/40-60_80-100,50,all_in_one,complex,perceptron,incremental,OK
564,BPI15/f1/60-80_80-100,50,all_in_one,complex,perceptron,incremental,OK
565,BPI15/f1/0-40_80-100,50,all_in_one,simpleIndex,perceptron,traditional,OK
566,BPI15/f1/0-60_80-100,50,all_in_one,simpleIndex,perceptron,traditional,OK
567,BPI15/f1/0-80_80-100,50,all_in_one,simpleIndex,perceptron,traditional,OK
568,BPI15/f1/40-60_80-100,50,all_in_one,simpleIndex,perceptron,incremental,OK
569,BPI15/f1/60-80_80-100,50,all_in_one,simpleIndex,perceptron,incremental,OK
570,BPI15/f1/0-40_80-100,70,all_in_one,complex,multinomialNB,traditional,OK
571,BPI15/f1/0-60_80-100,70,all_in_one,complex,multinomialNB,traditional,OK
572,BPI15/f1/0-80_80-100,70,all_in_one,complex,multinomialNB,traditional,OK
573,BPI15/f1/40-60_80-100,70,all_in_one,complex,multinomialNB,incremental,OK
574,BPI15/f1/60-80_80-100,70,all_in_one,complex,multinomialNB,incremental,OK
575,BPI15/f1/0-40_80-100,70,all_in_one,simpleIndex,multinomialNB,traditional,OK
576,BPI15/f1/0-60_80-100,70,all_in_one,simpleIndex,multinomialNB,traditional,OK
577,BPI15/f1/0-80_80-100,70,all_in_one,simpleIndex,multinomialNB,traditional,OK
578,BPI15/f1/40-60_80-100,70,all_in_one,simpleIndex,multinomialNB,incremental,OK
579,BPI15/f1/60-80_80-100,70,all_in_one,simpleIndex,multinomialNB,incremental,OK
580,BPI15/f1/0-40_80-100,70,all_in_one,complex,SGDClassifier,traditional,OK
581,BPI15/f1/0-60_80-100,70,all_in_one,complex,SGDClassifier,traditional,OK
582,BPI15/f1/0-80_80-100,70,all_in_one,complex,SGDClassifier,traditional,OK
583,BPI15/f1/40-60_80-100,70,all_in_one,complex,SGDClassifier,incremental,OK
584,BPI15/f1/60-80_80-100,70,all_in_one,complex,SGDClassifier,incremental,OK
585,BPI15/f1/0-40_80-100,70,all_in_one,simpleIndex,SGDClassifier,traditional,OK
586,BPI15/f1/0-60_80-100,70,all_in_one,simpleIndex,SGDClassifier,traditional,OK
587,BPI15/f1/0-80_80-100,70,all_in_one,simpleIndex,SGDClassifier,traditional,OK
588,BPI15/f1/40-60_80-100,70,all_in_one,simpleIndex,SGDClassifier,incremental,OK
589,BPI15/f1/60-80_80-100,70,all_in_one,simpleIndex,SGDClassifier,incremental,OK
590,BPI15/f1/0-40_80-100,70,all_in_one,complex,perceptron,traditional,OK
591,BPI15/f1/0-60_80-100,70,all_in_one,complex,perceptron,traditional,OK
592,BPI15/f1/0-80_80-100,70,all_in_one,complex,perceptron,traditional,OK
593,BPI15/f1/40-60_80-100,70,all_in_one,complex,perceptron,incremental,OK
594,BPI15/f1/60-80_80-100,70,all_in_one,complex,perceptron,incremental,OK
595,BPI15/f1/0-40_80-100,70,all_in_one,simpleIndex,perceptron,traditional,OK
596,BPI15/f1/0-60_80-100,70,all_in_one,simpleIndex,perceptron,traditional,OK
597,BPI15/f1/0-80_80-100,70,all_in_one,simpleIndex,perceptron,traditional,OK
598,BPI15/f1/40-60_80-100,70,all_in_one,simpleIndex,perceptron,incremental,OK
599,BPI15/f1/60-80_80-100,70,all_in_one,simpleIndex,perceptron,incremental,OK
600,BPI15/f2/0-40_80-100,10,all_in_one,complex,multinomialNB,traditional,OK
601,BPI15/f2/0-60_80-100,10,all_in_one,complex,multinomialNB,traditional,OK
602,BPI15/f2/0-80_80-100,10,all_in_one,complex,multinomialNB,traditional,OK
603,BPI15/f2/40-60_80-100,10,all_in_one,complex,multinomialNB,incremental,OK
604,BPI15/f2/60-80_80-100,10,all_in_one,complex,multinomialNB,incremental,OK
605,BPI15/f2/0-40_80-100,10,all_in_one,simpleIndex,multinomialNB,traditional,OK
606,BPI15/f2/0-60_80-100,10,all_in_one,simpleIndex,multinomialNB,traditional,OK
607,BPI15/f2/0-80_80-100,10,all_in_one,simpleIndex,multinomialNB,traditional,OK
608,BPI15/f2/40-60_80-100,10,all_in_one,simpleIndex,multinomialNB,incremental,OK
609,BPI15/f2/60-80_80-100,10,all_in_one,simpleIndex,multinomialNB,incremental,OK
610,BPI15/f2/0-40_80-100,10,all_in_one,complex,SGDClassifier,traditional,OK
611,BPI15/f2/0-60_80-100,10,all_in_one,complex,SGDClassifier,traditional,OK
612,BPI15/f2/0-80_80-100,10,all_in_one,complex,SGDClassifier,traditional,OK
613,BPI15/f2/40-60_80-100,10,all_in_one,complex,SGDClassifier,incremental,OK
614,BPI15/f2/60-80_80-100,10,all_in_one,complex,SGDClassifier,incremental,OK
615,BPI15/f2/0-40_80-100,10,all_in_one,simpleIndex,SGDClassifier,traditional,OK
616,BPI15/f2/0-60_80-100,10,all_in_one,simpleIndex,SGDClassifier,traditional,OK
617,BPI15/f2/0-80_80-100,10,all_in_one,simpleIndex,SGDClassifier,traditional,OK
618,BPI15/f2/40-60_80-100,10,all_in_one,simpleIndex,SGDClassifier,incremental,OK
619,BPI15/f2/60-80_80-100,10,all_in_one,simpleIndex,SGDClassifier,incremental,OK
620,BPI15/f2/0-40_80-100,10,all_in_one,complex,perceptron,traditional,OK
621,BPI15/f2/0-60_80-100,10,all_in_one,complex,perceptron,traditional,OK
622,BPI15/f2/0-80_80-100,10,all_in_one,complex,perceptron,traditional,OK
623,BPI15/f2/40-60_80-100,10,all_in_one,complex,perceptron,incremental,OK
624,BPI15/f2/60-80_80-100,10,all_in_one,complex,perceptron,incremental,OK
625,BPI15/f2/0-40_80-100,10,all_in_one,simpleIndex,perceptron,traditional,OK
626,BPI15/f2/0-60_80-100,10,all_in_one,simpleIndex,perceptron,traditional,OK
627,BPI15/f2/0-80_80-100,10,all_in_one,simpleIndex,perceptron,traditional,OK
628,BPI15/f2/40-60_80-100,10,all_in_one,simpleIndex,perceptron,incremental,OK
629,BPI15/f2/60-80_80-100,10,all_in_one,simpleIndex,perceptron,incremental,OK
630,BPI15/f2/0-40_80-100,30,all_in_one,complex,multinomialNB,traditional,OK
631,BPI15/f2/0-60_80-100,30,all_in_one,complex,multinomialNB,traditional,OK
632,BPI15/f2/0-80_80-100,30,all_in_one,complex,multinomialNB,traditional,OK
633,BPI15/f2/40-60_80-100,30,all_in_one,complex,multinomialNB,incremental,OK
634,BPI15/f2/60-80_80-100,30,all_in_one,complex,multinomialNB,incremental,OK
635,BPI15/f2/0-40_80-100,30,all_in_one,simpleIndex,multinomialNB,traditional,OK
636,BPI15/f2/0-60_80-100,30,all_in_one,simpleIndex,multinomialNB,traditional,OK
637,BPI15/f2/0-80_80-100,30,all_in_one,simpleIndex,multinomialNB,traditional,OK
638,BPI15/f2/40-60_80-100,30,all_in_one,simpleIndex,multinomialNB,incremental,OK
639,BPI15/f2/60-80_80-100,30,all_in_one,simpleIndex,multinomialNB,incremental,OK
640,BPI15/f2/0-40_80-100,30,all_in_one,complex,SGDClassifier,traditional,OK
641,BPI15/f2/0-60_80-100,30,all_in_one,complex,SGDClassifier,traditional,OK
642,BPI15/f2/0-80_80-100,30,all_in_one,complex,SGDClassifier,traditional,OK
643,BPI15/f2/40-60_80-100,30,all_in_one,complex,SGDClassifier,incremental,OK
644,BPI15/f2/60-80_80-100,30,all_in_one,complex,SGDClassifier,incremental,OK
645,BPI15/f2/0-40_80-100,30,all_in_one,simpleIndex,SGDClassifier,traditional,OK
646,BPI15/f2/0-60_80-100,30,all_in_one,simpleIndex,SGDClassifier,traditional,OK
647,BPI15/f2/0-80_80-100,30,all_in_one,simpleIndex,SGDClassifier,traditional,OK
648,BPI15/f2/40-60_80-100,30,all_in_one,simpleIndex,SGDClassifier,incremental,OK
649,BPI15/f2/60-80_80-100,30,all_in_one,simpleIndex,SGDClassifier,incremental,OK
650,BPI15/f2/0-40_80-100,30,all_in_one,complex,perceptron,traditional,OK
651,BPI15/f2/0-60_80-100,30,all_in_one,complex,perceptron,traditional,OK
652,BPI15/f2/0-80_80-100,30,all_in_one,complex,perceptron,traditional,OK
653,BPI15/f2/40-60_80-100,30,all_in_one,complex,perceptron,incremental,OK
654,BPI15/f2/60-80_80-100,30,all_in_one,complex,perceptron,incremental,OK
655,BPI15/f2/0-40_80-100,30,all_in_one,simpleIndex,perceptron,traditional,OK
656,BPI15/f2/0-60_80-100,30,all_in_one,simpleIndex,perceptron,traditional,OK
657,BPI15/f2/0-80_80-100,30,all_in_one,simpleIndex,perceptron,traditional,OK
658,BPI15/f2/40-60_80-100,30,all_in_one,simpleIndex,perceptron,incremental,OK
659,BPI15/f2/60-80_80-100,30,all_in_one,simpleIndex,perceptron,incremental,OK
660,BPI15/f2/0-40_80-100,50,all_in_one,complex,multinomialNB,traditional,OK
661,BPI15/f2/0-60_80-100,50,all_in_one,complex,multinomialNB,traditional,OK
662,BPI15/f2/0-80_80-100,50,all_in_one,complex,multinomialNB,traditional,OK
663,BPI15/f2/40-60_80-100,50,all_in_one,complex,multinomialNB,incremental,OK
664,BPI15/f2/60-80_80-100,50,all_in_one,complex,multinomialNB,incremental,OK
665,BPI15/f2/0-40_80-100,50,all_in_one,simpleIndex,multinomialNB,traditional,OK
666,BPI15/f2/0-60_80-100,50,all_in_one,simpleIndex,multinomialNB,traditional,OK
667,BPI15/f2/0-80_80-100,50,all_in_one,simpleIndex,multinomialNB,traditional,OK
668,BPI15/f2/40-60_80-100,50,all_in_one,simpleIndex,multinomialNB,incremental,OK
669,BPI15/f2/60-80_80-100,50,all_in_one,simpleIndex,multinomialNB,incremental,OK
670,BPI15/f2/0-40_80-100,50,all_in_one,complex,SGDClassifier,traditional,OK
671,BPI15/f2/0-60_80-100,50,all_in_one,complex,SGDClassifier,traditional,OK
672,BPI15/f2/0-80_80-100,50,all_in_one,complex,SGDClassifier,traditional,OK
673,BPI15/f2/40-60_80-100,50,all_in_one,complex,SGDClassifier,incremental,OK
674,BPI15/f2/60-80_80-100,50,all_in_one,complex,SGDClassifier,incremental,OK
675,BPI15/f2/0-40_80-100,50,all_in_one,simpleIndex,SGDClassifier,traditional,OK
676,BPI15/f2/0-60_80-100,50,all_in_one,simpleIndex,SGDClassifier,traditional,OK
677,BPI15/f2/0-80_80-100,50,all_in_one,simpleIndex,SGDClassifier,traditional,OK
678,BPI15/f2/40-60_80-100,50,all_in_one,simpleIndex,SGDClassifier,incremental,OK
679,BPI15/f2/60-80_80-100,50,all_in_one,simpleIndex,SGDClassifier,incremental,OK
680,BPI15/f2/0-40_80-100,50,all_in_one,complex,perceptron,traditional,OK
681,BPI15/f2/0-60_80-100,50,all_in_one,complex,perceptron,traditional,OK
682,BPI15/f2/0-80_80-100,50,all_in_one,complex,perceptron,traditional,OK
683,BPI15/f2/40-60_80-100,50,all_in_one,complex,perceptron,incremental,OK
684,BPI15/f2/60-80_80-100,50,all_in_one,complex,perceptron,incremental,OK
685,BPI15/f2/0-40_80-100,50,all_in_one,simpleIndex,perceptron,traditional,OK
686,BPI15/f2/0-60_80-100,50,all_in_one,simpleIndex,perceptron,traditional,OK
687,BPI15/f2/0-80_80-100,50,all_in_one,simpleIndex,perceptron,traditional,OK
688,BPI15/f2/40-60_80-100,50,all_in_one,simpleIndex,perceptron,incremental,OK
689,BPI15/f2/60-80_80-100,50,all_in_one,simpleIndex,perceptron,incremental,OK
690,BPI15/f2/0-40_80-100,70,all_in_one,complex,multinomialNB,traditional,OK
691,BPI15/f2/0-60_80-100,70,all_in_one,complex,multinomialNB,traditional,OK
692,BPI15/f2/0-80_80-100,70,all_in_one,complex,multinomialNB,traditional,OK
693,BPI15/f2/40-60_80-100,70,all_in_one,complex,multinomialNB,incremental,OK
694,BPI15/f2/60-80_80-100,70,all_in_one,complex,multinomialNB,incremental,OK
695,BPI15/f2/0-40_80-100,70,all_in_one,simpleIndex,multinomialNB,traditional,OK
696,BPI15/f2/0-60_80-100,70,all_in_one,simpleIndex,multinomialNB,traditional,OK
697,BPI15/f2/0-80_80-100,70,all_in_one,simpleIndex,multinomialNB,traditional,OK
698,BPI15/f2/40-60_80-100,70,all_in_one,simpleIndex,multinomialNB,incremental,OK
699,BPI15/f2/60-80_80-100,70,all_in_one,simpleIndex,multinomialNB,incremental,OK
700,BPI15/f2/0-40_80-100,70,all_in_one,complex,SGDClassifier,traditional,OK
701,BPI15/f2/0-60_80-100,70,all_in_one,complex,SGDClassifier,traditional,OK
702,BPI15/f2/0-80_80-100,70,all_in_one,complex,SGDClassifier,traditional,OK
703,BPI15/f2/40-60_80-100,70,all_in_one,complex,SGDClassifier,incremental,OK
704,BPI15/f2/60-80_80-100,70,all_in_one,complex,SGDClassifier,incremental,OK
705,BPI15/f2/0-40_80-100,70,all_in_one,simpleIndex,SGDClassifier,traditional,OK
706,BPI15/f2/0-60_80-100,70,all_in_one,simpleIndex,SGDClassifier,traditional,OK
707,BPI15/f2/0-80_80-100,70,all_in_one,simpleIndex,SGDClassifier,traditional,OK
708,BPI15/f2/40-60_80-100,70,all_in_one,simpleIndex,SGDClassifier,incremental,OK
709,BPI15/f2/60-80_80-100,70,all_in_one,simpleIndex,SGDClassifier,incremental,OK
710,BPI15/f2/0-40_80-100,70,all_in_one,complex,perceptron,traditional,OK
711,BPI15/f2/0-60_80-100,70,all_in_one,complex,perceptron,traditional,OK
712,BPI15/f2/0-80_80-100,70,all_in_one,complex,perceptron,traditional,OK
713,BPI15/f2/40-60_80-100,70,all_in_one,complex,perceptron,incremental,OK
714,BPI15/f2/60-80_80-100,70,all_in_one,complex,perceptron,incremental,OK
715,BPI15/f2/0-40_80-100,70,all_in_one,simpleIndex,perceptron,traditional,OK
716,BPI15/f2/0-60_80-100,70,all_in_one,simpleIndex,perceptron,traditional,OK
717,BPI15/f2/0-80_80-100,70,all_in_one,simpleIndex,perceptron,traditional,OK
718,BPI15/f2/40-60_80-100,70,all_in_one,simpleIndex,perceptron,incremental,OK
719,BPI15/f2/60-80_80-100,70,all_in_one,simpleIndex,perceptron,incremental,OK
720,BPI15/f3/0-40_80-100,10,all_in_one,complex,multinomialNB,traditional,OK
721,BPI15/f3/0-60_80-100,10,all_in_one,complex,multinomialNB,traditional,OK
722,BPI15/f3/0-80_80-100,10,all_in_one,complex,multinomialNB,traditional,OK
723,BPI15/f3/40-60_80-100,10,all_in_one,complex,multinomialNB,incremental,OK
724,BPI15/f3/60-80_80-100,10,all_in_one,complex,multinomialNB,incremental,OK
725,BPI15/f3/0-40_80-100,10,all_in_one,simpleIndex,multinomialNB,traditional,OK
726,BPI15/f3/0-60_80-100,10,all_in_one,simpleIndex,multinomialNB,traditional,OK
727,BPI15/f3/0-80_80-100,10,all_in_one,simpleIndex,multinomialNB,traditional,OK
728,BPI15/f3/40-60_80-100,10,all_in_one,simpleIndex,multinomialNB,incremental,OK
729,BPI15/f3/60-80_80-100,10,all_in_one,simpleIndex,multinomialNB,incremental,OK
730,BPI15/f3/0-40_80-100,10,all_in_one,complex,SGDClassifier,traditional,OK
731,BPI15/f3/0-60_80-100,10,all_in_one,complex,SGDClassifier,traditional,OK
732,BPI15/f3/0-80_80-100,10,all_in_one,complex,SGDClassifier,traditional,OK
733,BPI15/f3/40-60_80-100,10,all_in_one,complex,SGDClassifier,incremental,OK
734,BPI15/f3/60-80_80-100,10,all_in_one,complex,SGDClassifier,incremental,OK
735,BPI15/f3/0-40_80-100,10,all_in_one,simpleIndex,SGDClassifier,traditional,OK
736,BPI15/f3/0-60_80-100,10,all_in_one,simpleIndex,SGDClassifier,traditional,OK
737,BPI15/f3/0-80_80-100,10,all_in_one,simpleIndex,SGDClassifier,traditional,OK
738,BPI15/f3/40-60_80-100,10,all_in_one,simpleIndex,SGDClassifier,incremental,OK
739,BPI15/f3/60-80_80-100,10,all_in_one,simpleIndex,SGDClassifier,incremental,OK
740,BPI15/f3/0-40_80-100,10,all_in_one,complex,perceptron,traditional,OK
741,BPI15/f3/0-60_80-100,10,all_in_one,complex,perceptron,traditional,OK
742,BPI15/f3/0-80_80-100,10,all_in_one,complex,perceptron,traditional,OK
743,BPI15/f3/40-60_80-100,10,all_in_one,complex,perceptron,incremental,OK
744,BPI15/f3/60-80_80-100,10,all_in_one,complex,perceptron,incremental,OK
745,BPI15/f3/0-40_80-100,10,all_in_one,simpleIndex,perceptron,traditional,OK
746,BPI15/f3/0-60_80-100,10,all_in_one,simpleIndex,perceptron,traditional,OK
747,BPI15/f3/0-80_80-100,10,all_in_one,simpleIndex,perceptron,traditional,OK
748,BPI15/f3/40-60_80-100,10,all_in_one,simpleIndex,perceptron,incremental,OK
749,BPI15/f3/60-80_80-100,10,all_in_one,simpleIndex,perceptron,incremental,OK
750,BPI15/f3/0-40_80-100,30,all_in_one,complex,multinomialNB,traditional,OK
751,BPI15/f3/0-60_80-100,30,all_in_one,complex,multinomialNB,traditional,OK
752,BPI15/f3/0-80_80-100,30,all_in_one,complex,multinomialNB,traditional,OK
753,BPI15/f3/40-60_80-100,30,all_in_one,complex,multinomialNB,incremental,OK
754,BPI15/f3/60-80_80-100,30,all_in_one,complex,multinomialNB,incremental,OK
755,BPI15/f3/0-40_80-100,30,all_in_one,simpleIndex,multinomialNB,traditional,OK
756,BPI15/f3/0-60_80-100,30,all_in_one,simpleIndex,multinomialNB,traditional,OK
757,BPI15/f3/0-80_80-100,30,all_in_one,simpleIndex,multinomialNB,traditional,OK
758,BPI15/f3/40-60_80-100,30,all_in_one,simpleIndex,multinomialNB,incremental,OK
759,BPI15/f3/60-80_80-100,30,all_in_one,simpleIndex,multinomialNB,incremental,OK
760,BPI15/f3/0-40_80-100,30,all_in_one,complex,SGDClassifier,traditional,OK
761,BPI15/f3/0-60_80-100,30,all_in_one,complex,SGDClassifier,traditional,OK
762,BPI15/f3/0-80_80-100,30,all_in_one,complex,SGDClassifier,traditional,OK
763,BPI15/f3/40-60_80-100,30,all_in_one,complex,SGDClassifier,incremental,OK
764,BPI15/f3/60-80_80-100,30,all_in_one,complex,SGDClassifier,incremental,OK
765,BPI15/f3/0-40_80-100,30,all_in_one,simpleIndex,SGDClassifier,traditional,OK
766,BPI15/f3/0-60_80-100,30,all_in_one,simpleIndex,SGDClassifier,traditional,OK
767,BPI15/f3/0-80_80-100,30,all_in_one,simpleIndex,SGDClassifier,traditional,OK
768,BPI15/f3/40-60_80-100,30,all_in_one,simpleIndex,SGDClassifier,incremental,OK
769,BPI15/f3/60-80_80-100,30,all_in_one,simpleIndex,SGDClassifier,incremental,OK
770,BPI15/f3/0-40_80-100,30,all_in_one,complex,perceptron,traditional,OK
771,BPI15/f3/0-60_80-100,30,all_in_one,complex,perceptron,traditional,OK
772,BPI15/f3/0-80_80-100,30,all_in_one,complex,perceptron,traditional,OK
773,BPI15/f3/40-60_80-100,30,all_in_one,complex,perceptron,incremental,OK
774,BPI15/f3/60-80_80-100,30,all_in_one,complex,perceptron,incremental,OK
775,BPI15/f3/0-40_80-100,30,all_in_one,simpleIndex,perceptron,traditional,OK
776,BPI15/f3/0-60_80-100,30,all_in_one,simpleIndex,perceptron,traditional,OK
777,BPI15/f3/0-80_80-100,30,all_in_one,simpleIndex,perceptron,traditional,OK
778,BPI15/f3/40-60_80-100,30,all_in_one,simpleIndex,perceptron,incremental,OK
779,BPI15/f3/60-80_80-100,30,all_in_one,simpleIndex,perceptron,incremental,OK
780,BPI15/f3/0-40_80-100,50,all_in_one,complex,multinomialNB,traditional,OK
781,BPI15/f3/0-60_80-100,50,all_in_one,complex,multinomialNB,traditional,OK
782,BPI15/f3/0-80_80-100,50,all_in_one,complex,multinomialNB,traditional,OK
783,BPI15/f3/40-60_80-100,50,all_in_one,complex,multinomialNB,incremental,OK
784,BPI15/f3/60-80_80-100,50,all_in_one,complex,multinomialNB,incremental,NOK
785,BPI15/f3/0-40_80-100,50,all_in_one,simpleIndex,multinomialNB,traditional,OK
786,BPI15/f3/0-60_80-100,50,all_in_one,simpleIndex,multinomialNB,traditional,OK
787,BPI15/f3/0-80_80-100,50,all_in_one,simpleIndex,multinomialNB,traditional,OK
788,BPI15/f3/40-60_80-100,50,all_in_one,simpleIndex,multinomialNB,incremental,OK
789,BPI15/f3/60-80_80-100,50,all_in_one,simpleIndex,multinomialNB,incremental,OK
790,BPI15/f3/0-40_80-100,50,all_in_one,complex,SGDClassifier,traditional,OK
791,BPI15/f3/0-60_80-100,50,all_in_one,complex,SGDClassifier,traditional,OK
792,BPI15/f3/0-80_80-100,50,all_in_one,complex,SGDClassifier,traditional,OK
793,BPI15/f3/40-60_80-100,50,all_in_one,complex,SGDClassifier,incremental,OK
794,BPI15/f3/60-80_80-100,50,all_in_one,complex,SGDClassifier,incremental,OK
795,BPI15/f3/0-40_80-100,50,all_in_one,simpleIndex,SGDClassifier,traditional,OK
796,BPI15/f3/0-60_80-100,50,all_in_one,simpleIndex,SGDClassifier,traditional,OK
797,BPI15/f3/0-80_80-100,50,all_in_one,simpleIndex,SGDClassifier,traditional,OK
798,BPI15/f3/40-60_80-100,50,all_in_one,simpleIndex,SGDClassifier,incremental,OK
799,BPI15/f3/60-80_80-100,50,all_in_one,simpleIndex,SGDClassifier,incremental,OK
800,BPI15/f3/0-40_80-100,50,all_in_one,complex,perceptron,traditional,OK
801,BPI15/f3/0-60_80-100,50,all_in_one,complex,perceptron,traditional,OK
802,BPI15/f3/0-80_80-100,50,all_in_one,complex,perceptron,traditional,OK
803,BPI15/f3/40-60_80-100,50,all_in_one,complex,perceptron,incremental,OK
804,BPI15/f3/60-80_80-100,50,all_in_one,complex,perceptron,incremental,OK
805,BPI15/f3/0-40_80-100,50,all_in_one,simpleIndex,perceptron,traditional,OK
806,BPI15/f3/0-60_80-100,50,all_in_one,simpleIndex,perceptron,traditional,OK
807,BPI15/f3/0-80_80-100,50,all_in_one,simpleIndex,perceptron,traditional,OK
808,BPI15/f3/40-60_80-100,50,all_in_one,simpleIndex,perceptron,incremental,OK
809,BPI15/f3/60-80_80-100,50,all_in_one,simpleIndex,perceptron,incremental,OK
810,BPI15/f3/0-40_80-100,70,all_in_one,complex,multinomialNB,traditional,OK
811,BPI15/f3/0-60_80-100,70,all_in_one,complex,multinomialNB,traditional,OK
812,BPI15/f3/0-80_80-100,70,all_in_one,complex,multinomialNB,traditional,OK
813,BPI15/f3/40-60_80-100,70,all_in_one,complex,multinomialNB,incremental,OK
814,BPI15/f3/60-80_80-100,70,all_in_one,complex,multinomialNB,incremental,OK
815,BPI15/f3/0-40_80-100,70,all_in_one,simpleIndex,multinomialNB,traditional,OK
816,BPI15/f3/0-60_80-100,70,all_in_one,simpleIndex,multinomialNB,traditional,OK
817,BPI15/f3/0-80_80-100,70,all_in_one,simpleIndex,multinomialNB,traditional,OK
818,BPI15/f3/40-60_80-100,70,all_in_one,simpleIndex,multinomialNB,incremental,OK
819,BPI15/f3/60-80_80-100,70,all_in_one,simpleIndex,multinomialNB,incremental,OK
820,BPI15/f3/0-40_80-100,70,all_in_one,complex,SGDClassifier,traditional,OK
821,BPI15/f3/0-60_80-100,70,all_in_one,complex,SGDClassifier,traditional,OK
822,BPI15/f3/0-80_80-100,70,all_in_one,complex,SGDClassifier,traditional,OK
823,BPI15/f3/40-60_80-100,70,all_in_one,complex,SGDClassifier,incremental,OK
824,BPI15/f3/60-80_80-100,70,all_in_one,complex,SGDClassifier,incremental,OK
825,BPI15/f3/0-40_80-100,70,all_in_one,simpleIndex,SGDClassifier,traditional,OK
826,BPI15/f3/0-60_80-100,70,all_in_one,simpleIndex,SGDClassifier,traditional,OK
827,BPI15/f3/0-80_80-100,70,all_in_one,simpleIndex,SGDClassifier,traditional,OK
828,BPI15/f3/40-60_80-100,70,all_in_one,simpleIndex,SGDClassifier,incremental,OK
829,BPI15/f3/60-80_80-100,70,all_in_one,simpleIndex,SGDClassifier,incremental,OK
830,BPI15/f3/0-40_80-100,70,all_in_one,complex,perceptron,traditional,OK
831,BPI15/f3/0-60_80-100,70,all_in_one,complex,perceptron,traditional,OK
832,BPI15/f3/0-80_80-100,70,all_in_one,complex,perceptron,traditional,OK
833,BPI15/f3/40-60_80-100,70,all_in_one,complex,perceptron,incremental,OK
834,BPI15/f3/60-80_80-100,70,all_in_one,complex,perceptron,incremental,OK
835,BPI15/f3/0-40_80-100,70,all_in_one,simpleIndex,perceptron,traditional,OK
836,BPI15/f3/0-60_80-100,70,all_in_one,simpleIndex,perceptron,traditional,OK
837,BPI15/f3/0-80_80-100,70,all_in_one,simpleIndex,perceptron,traditional,OK
838,BPI15/f3/40-60_80-100,70,all_in_one,simpleIndex,perceptron,incremental,OK
839,BPI15/f3/60-80_80-100,70,all_in_one,simpleIndex,perceptron,incremental,OK
840,Drift1/f1/0-40_80-100,10,all_in_one,complex,multinomialNB,traditional,OK
841,Drift1/f1/0-60_80-100,10,all_in_one,complex,multinomialNB,traditional,OK
842,Drift1/f1/0-80_80-100,10,all_in_one,complex,multinomialNB,traditional,OK
843,Drift1/f1/40-60_80-100,10,all_in_one,complex,multinomialNB,incremental,OK
844,Drift1/f1/60-80_80-100,10,all_in_one,complex,multinomialNB,incremental,OK
845,Drift1/f1/0-40_80-100,10,all_in_one,simpleIndex,multinomialNB,traditional,OK
846,Drift1/f1/0-60_80-100,10,all_in_one,simpleIndex,multinomialNB,traditional,OK
847,Drift1/f1/0-80_80-100,10,all_in_one,simpleIndex,multinomialNB,traditional,OK
848,Drift1/f1/40-60_80-100,10,all_in_one,simpleIndex,multinomialNB,incremental,OK
849,Drift1/f1/60-80_80-100,10,all_in_one,simpleIndex,multinomialNB,incremental,OK
850,Drift1/f1/0-40_80-100,10,all_in_one,complex,SGDClassifier,traditional,OK
851,Drift1/f1/0-60_80-100,10,all_in_one,complex,SGDClassifier,traditional,OK
852,Drift1/f1/0-80_80-100,10,all_in_one,complex,SGDClassifier,traditional,OK
853,Drift1/f1/40-60_80-100,10,all_in_one,complex,SGDClassifier,incremental,OK
854,Drift1/f1/60-80_80-100,10,all_in_one,complex,SGDClassifier,incremental,OK
855,Drift1/f1/0-40_80-100,10,all_in_one,simpleIndex,SGDClassifier,traditional,OK
856,Drift1/f1/0-60_80-100,10,all_in_one,simpleIndex,SGDClassifier,traditional,OK
857,Drift1/f1/0-80_80-100,10,all_in_one,simpleIndex,SGDClassifier,traditional,OK
858,Drift1/f1/40-60_80-100,10,all_in_one,simpleIndex,SGDClassifier,incremental,OK
859,Drift1/f1/60-80_80-100,10,all_in_one,simpleIndex,SGDClassifier,incremental,OK
860,Drift1/f1/0-40_80-100,10,all_in_one,complex,perceptron,traditional,OK
861,Drift1/f1/0-60_80-100,10,all_in_one,complex,perceptron,traditional,OK
862,Drift1/f1/0-80_80-100,10,all_in_one,complex,perceptron,traditional,OK
863,Drift1/f1/40-60_80-100,10,all_in_one,complex,perceptron,incremental,OK
864,Drift1/f1/60-80_80-100,10,all_in_one,complex,perceptron,incremental,OK
865,Drift1/f1/0-40_80-100,10,all_in_one,simpleIndex,perceptron,traditional,OK
866,Drift1/f1/0-60_80-100,10,all_in_one,simpleIndex,perceptron,traditional,OK
867,Drift1/f1/0-80_80-100,10,all_in_one,simpleIndex,perceptron,traditional,OK
868,Drift1/f1/40-60_80-100,10,all_in_one,simpleIndex,perceptron,incremental,OK
869,Drift1/f1/60-80_80-100,10,all_in_one,simpleIndex,perceptron,incremental,OK
870,Drift1/f1/0-40_80-100,30,all_in_one,complex,multinomialNB,traditional,OK
871,Drift1/f1/0-60_80-100,30,all_in_one,complex,multinomialNB,traditional,OK
872,Drift1/f1/0-80_80-100,30,all_in_one,complex,multinomialNB,traditional,OK
873,Drift1/f1/40-60_80-100,30,all_in_one,complex,multinomialNB,incremental,OK
874,Drift1/f1/60-80_80-100,30,all_in_one,complex,multinomialNB,incremental,OK
875,Drift1/f1/0-40_80-100,30,all_in_one,simpleIndex,multinomialNB,traditional,OK
876,Drift1/f1/0-60_80-100,30,all_in_one,simpleIndex,multinomialNB,traditional,OK
877,Drift1/f1/0-80_80-100,30,all_in_one,simpleIndex,multinomialNB,traditional,OK
878,Drift1/f1/40-60_80-100,30,all_in_one,simpleIndex,multinomialNB,incremental,OK
879,Drift1/f1/60-80_80-100,30,all_in_one,simpleIndex,multinomialNB,incremental,OK
880,Drift1/f1/0-40_80-100,30,all_in_one,complex,SGDClassifier,traditional,OK
881,Drift1/f1/0-60_80-100,30,all_in_one,complex,SGDClassifier,traditional,OK
882,Drift1/f1/0-80_80-100,30,all_in_one,complex,SGDClassifier,traditional,OK
883,Drift1/f1/40-60_80-100,30,all_in_one,complex,SGDClassifier,incremental,OK
884,Drift1/f1/60-80_80-100,30,all_in_one,complex,SGDClassifier,incremental,OK
885,Drift1/f1/0-40_80-100,30,all_in_one,simpleIndex,SGDClassifier,traditional,OK
886,Drift1/f1/0-60_80-100,30,all_in_one,simpleIndex,SGDClassifier,traditional,OK
887,Drift1/f1/0-80_80-100,30,all_in_one,simpleIndex,SGDClassifier,traditional,OK
888,Drift1/f1/40-60_80-100,30,all_in_one,simpleIndex,SGDClassifier,incremental,OK
889,Drift1/f1/60-80_80-100,30,all_in_one,simpleIndex,SGDClassifier,incremental,OK
890,Drift1/f1/0-40_80-100,30,all_in_one,complex,perceptron,traditional,OK
891,Drift1/f1/0-60_80-100,30,all_in_one,complex,perceptron,traditional,OK
892,Drift1/f1/0-80_80-100,30,all_in_one,complex,perceptron,traditional,OK
893,Drift1/f1/40-60_80-100,30,all_in_one,complex,perceptron,incremental,OK
894,Drift1/f1/60-80_80-100,30,all_in_one,complex,perceptron,incremental,OK
895,Drift1/f1/0-40_80-100,30,all_in_one,simpleIndex,perceptron,traditional,OK
896,Drift1/f1/0-60_80-100,30,all_in_one,simpleIndex,perceptron,traditional,OK
897,Drift1/f1/0-80_80-100,30,all_in_one,simpleIndex,perceptron,traditional,OK
898,Drift1/f1/40-60_80-100,30,all_in_one,simpleIndex,perceptron,incremental,OK
899,Drift1/f1/60-80_80-100,30,all_in_one,simpleIndex,perceptron,incremental,OK
900,Drift1/f1/0-40_80-100,50,all_in_one,complex,multinomialNB,traditional,OK
901,Drift1/f1/0-60_80-100,50,all_in_one,complex,multinomialNB,traditional,OK
902,Drift1/f1/0-80_80-100,50,all_in_one,complex,multinomialNB,traditional,OK
903,Drift1/f1/40-60_80-100,50,all_in_one,complex,multinomialNB,incremental,OK
904,Drift1/f1/60-80_80-100,50,all_in_one,complex,multinomialNB,incremental,OK
905,Drift1/f1/0-40_80-100,50,all_in_one,simpleIndex,multinomialNB,traditional,OK
906,Drift1/f1/0-60_80-100,50,all_in_one,simpleIndex,multinomialNB,traditional,OK
907,Drift1/f1/0-80_80-100,50,all_in_one,simpleIndex,multinomialNB,traditional,OK
908,Drift1/f1/40-60_80-100,50,all_in_one,simpleIndex,multinomialNB,incremental,OK
909,Drift1/f1/60-80_80-100,50,all_in_one,simpleIndex,multinomialNB,incremental,OK
910,Drift1/f1/0-40_80-100,50,all_in_one,complex,SGDClassifier,traditional,OK
911,Drift1/f1/0-60_80-100,50,all_in_one,complex,SGDClassifier,traditional,OK
912,Drift1/f1/0-80_80-100,50,all_in_one,complex,SGDClassifier,traditional,OK
913,Drift1/f1/40-60_80-100,50,all_in_one,complex,SGDClassifier,incremental,OK
914,Drift1/f1/60-80_80-100,50,all_in_one,complex,SGDClassifier,incremental,OK
915,Drift1/f1/0-40_80-100,50,all_in_one,simpleIndex,SGDClassifier,traditional,OK
916,Drift1/f1/0-60_80-100,50,all_in_one,simpleIndex,SGDClassifier,traditional,OK
917,Drift1/f1/0-80_80-100,50,all_in_one,simpleIndex,SGDClassifier,traditional,OK
918,Drift1/f1/40-60_80-100,50,all_in_one,simpleIndex,SGDClassifier,incremental,OK
919,Drift1/f1/60-80_80-100,50,all_in_one,simpleIndex,SGDClassifier,incremental,OK
920,Drift1/f1/0-40_80-100,50,all_in_one,complex,perceptron,traditional,OK
921,Drift1/f1/0-60_80-100,50,all_in_one,complex,perceptron,traditional,OK
922,Drift1/f1/0-80_80-100,50,all_in_one,complex,perceptron,traditional,OK
923,Drift1/f1/40-60_80-100,50,all_in_one,complex,perceptron,incremental,OK
924,Drift1/f1/60-80_80-100,50,all_in_one,complex,perceptron,incremental,OK
925,Drift1/f1/0-40_80-100,50,all_in_one,simpleIndex,perceptron,traditional,OK
926,Drift1/f1/0-60_80-100,50,all_in_one,simpleIndex,perceptron,traditional,OK
927,Drift1/f1/0-80_80-100,50,all_in_one,simpleIndex,perceptron,traditional,OK
928,Drift1/f1/40-60_80-100,50,all_in_one,simpleIndex,perceptron,incremental,OK
929,Drift1/f1/60-80_80-100,50,all_in_one,simpleIndex,perceptron,incremental,OK
930,Drift1/f1/0-40_80-100,70,all_in_one,complex,multinomialNB,traditional,OK
931,Drift1/f1/0-60_80-100,70,all_in_one,complex,multinomialNB,traditional,OK
932,Drift1/f1/0-80_80-100,70,all_in_one,complex,multinomialNB,traditional,OK
933,Drift1/f1/40-60_80-100,70,all_in_one,complex,multinomialNB,incremental,OK
934,Drift1/f1/60-80_80-100,70,all_in_one,complex,multinomialNB,incremental,OK
935,Drift1/f1/0-40_80-100,70,all_in_one,simpleIndex,multinomialNB,traditional,OK
936,Drift1/f1/0-60_80-100,70,all_in_one,simpleIndex,multinomialNB,traditional,OK
937,Drift1/f1/0-80_80-100,70,all_in_one,simpleIndex,multinomialNB,traditional,OK
938,Drift1/f1/40-60_80-100,70,all_in_one,simpleIndex,multinomialNB,incremental,OK
939,Drift1/f1/60-80_80-100,70,all_in_one,simpleIndex,multinomialNB,incremental,OK
940,Drift1/f1/0-40_80-100,70,all_in_one,complex,SGDClassifier,traditional,OK
941,Drift1/f1/0-60_80-100,70,all_in_one,complex,SGDClassifier,traditional,OK
942,Drift1/f1/0-80_80-100,70,all_in_one,complex,SGDClassifier,traditional,OK
943,Drift1/f1/40-60_80-100,70,all_in_one,complex,SGDClassifier,incremental,OK
944,Drift1/f1/60-80_80-100,70,all_in_one,complex,SGDClassifier,incremental,OK
945,Drift1/f1/0-40_80-100,70,all_in_one,simpleIndex,SGDClassifier,traditional,OK
946,Drift1/f1/0-60_80-100,70,all_in_one,simpleIndex,SGDClassifier,traditional,OK
947,Drift1/f1/0-80_80-100,70,all_in_one,simpleIndex,SGDClassifier,traditional,OK
948,Drift1/f1/40-60_80-100,70,all_in_one,simpleIndex,SGDClassifier,incremental,OK
949,Drift1/f1/60-80_80-100,70,all_in_one,simpleIndex,SGDClassifier,incremental,OK
950,Drift1/f1/0-40_80-100,70,all_in_one,complex,perceptron,traditional,OK
951,Drift1/f1/0-60_80-100,70,all_in_one,complex,perceptron,traditional,OK
952,Drift1/f1/0-80_80-100,70,all_in_one,complex,perceptron,traditional,OK
953,Drift1/f1/40-60_80-100,70,all_in_one,complex,perceptron,incremental,OK
954,Drift1/f1/60-80_80-100,70,all_in_one,complex,perceptron,incremental,OK
955,Drift1/f1/0-40_80-100,70,all_in_one,simpleIndex,perceptron,traditional,OK
956,Drift1/f1/0-60_80-100,70,all_in_one,simpleIndex,perceptron,traditional,OK
957,Drift1/f1/0-80_80-100,70,all_in_one,simpleIndex,perceptron,traditional,OK
958,Drift1/f1/40-60_80-100,70,all_in_one,simpleIndex,perceptron,incremental,OK
959,Drift1/f1/60-80_80-100,70,all_in_one,simpleIndex,perceptron,incremental,OK
960,Drift2/f1/0-40_80-100,10,all_in_one,complex,multinomialNB,traditional,OK
961,Drift2/f1/0-60_80-100,10,all_in_one,complex,multinomialNB,traditional,OK
962,Drift2/f1/0-80_80-100,10,all_in_one,complex,multinomialNB,traditional,OK
963,Drift2/f1/40-60_80-100,10,all_in_one,complex,multinomialNB,incremental,OK
964,Drift2/f1/60-80_80-100,10,all_in_one,complex,multinomialNB,incremental,OK
965,Drift2/f1/0-40_80-100,10,all_in_one,simpleIndex,multinomialNB,traditional,OK
966,Drift2/f1/0-60_80-100,10,all_in_one,simpleIndex,multinomialNB,traditional,OK
967,Drift2/f1/0-80_80-100,10,all_in_one,simpleIndex,multinomialNB,traditional,OK
968,Drift2/f1/40-60_80-100,10,all_in_one,simpleIndex,multinomialNB,incremental,OK
969,Drift2/f1/60-80_80-100,10,all_in_one,simpleIndex,multinomialNB,incremental,OK
970,Drift2/f1/0-40_80-100,10,all_in_one,complex,SGDClassifier,traditional,OK
971,Drift2/f1/0-60_80-100,10,all_in_one,complex,SGDClassifier,traditional,OK
972,Drift2/f1/0-80_80-100,10,all_in_one,complex,SGDClassifier,traditional,OK
973,Drift2/f1/40-60_80-100,10,all_in_one,complex,SGDClassifier,incremental,OK
974,Drift2/f1/60-80_80-100,10,all_in_one,complex,SGDClassifier,incremental,OK
975,Drift2/f1/0-40_80-100,10,all_in_one,simpleIndex,SGDClassifier,traditional,OK
976,Drift2/f1/0-60_80-100,10,all_in_one,simpleIndex,SGDClassifier,traditional,OK
977,Drift2/f1/0-80_80-100,10,all_in_one,simpleIndex,SGDClassifier,traditional,OK
978,Drift2/f1/40-60_80-100,10,all_in_one,simpleIndex,SGDClassifier,incremental,OK
979,Drift2/f1/60-80_80-100,10,all_in_one,simpleIndex,SGDClassifier,incremental,OK
980,Drift2/f1/0-40_80-100,10,all_in_one,complex,perceptron,traditional,OK
981,Drift2/f1/0-60_80-100,10,all_in_one,complex,perceptron,traditional,OK
982,Drift2/f1/0-80_80-100,10,all_in_one,complex,perceptron,traditional,OK
983,Drift2/f1/40-60_80-100,10,all_in_one,complex,perceptron,incremental,OK
984,Drift2/f1/60-80_80-100,10,all_in_one,complex,perceptron,incremental,OK
985,Drift2/f1/0-40_80-100,10,all_in_one,simpleIndex,perceptron,traditional,OK
986,Drift2/f1/0-60_80-100,10,all_in_one,simpleIndex,perceptron,traditional,OK
987,Drift2/f1/0-80_80-100,10,all_in_one,simpleIndex,perceptron,traditional,OK
988,Drift2/f1/40-60_80-100,10,all_in_one,simpleIndex,perceptron,incremental,OK
989,Drift2/f1/60-80_80-100,10,all_in_one,simpleIndex,perceptron,incremental,OK
990,Drift2/f1/0-40_80-100,30,all_in_one,complex,multinomialNB,traditional,OK
991,Drift2/f1/0-60_80-100,30,all_in_one,complex,multinomialNB,traditional,OK
992,Drift2/f1/0-80_80-100,30,all_in_one,complex,multinomialNB,traditional,OK
993,Drift2/f1/40-60_80-100,30,all_in_one,complex,multinomialNB,incremental,OK
994,Drift2/f1/60-80_80-100,30,all_in_one,complex,multinomialNB,incremental,OK
995,Drift2/f1/0-40_80-100,30,all_in_one,simpleIndex,multinomialNB,traditional,OK
996,Drift2/f1/0-60_80-100,30,all_in_one,simpleIndex,multinomialNB,traditional,OK
997,Drift2/f1/0-80_80-100,30,all_in_one,simpleIndex,multinomialNB,traditional,OK
998,Drift2/f1/40-60_80-100,30,all_in_one,simpleIndex,multinomialNB,incremental,OK
999,Drift2/f1/60-80_80-100,30,all_in_one,simpleIndex,multinomialNB,incremental,OK
1000,Drift2/f1/0-40_80-100,30,all_in_one,complex,SGDClassifier,traditional,OK
1001,Drift2/f1/0-60_80-100,30,all_in_one,complex,SGDClassifier,traditional,OK
1002,Drift2/f1/0-80_80-100,30,all_in_one,complex,SGDClassifier,traditional,OK
1003,Drift2/f1/40-60_80-100,30,all_in_one,complex,SGDClassifier,incremental,OK
1004,Drift2/f1/60-80_80-100,30,all_in_one,complex,SGDClassifier,incremental,OK
1005,Drift2/f1/0-40_80-100,30,all_in_one,simpleIndex,SGDClassifier,traditional,OK
1006,Drift2/f1/0-60_80-100,30,all_in_one,simpleIndex,SGDClassifier,traditional,OK
1007,Drift2/f1/0-80_80-100,30,all_in_one,simpleIndex,SGDClassifier,traditional,OK
1008,Drift2/f1/40-60_80-100,30,all_in_one,simpleIndex,SGDClassifier,incremental,OK
1009,Drift2/f1/60-80_80-100,30,all_in_one,simpleIndex,SGDClassifier,incremental,OK
1010,Drift2/f1/0-40_80-100,30,all_in_one,complex,perceptron,traditional,OK
1011,Drift2/f1/0-60_80-100,30,all_in_one,complex,perceptron,traditional,OK
1012,Drift2/f1/0-80_80-100,30,all_in_one,complex,perceptron,traditional,OK
1013,Drift2/f1/40-60_80-100,30,all_in_one,complex,perceptron,incremental,OK
1014,Drift2/f1/60-80_80-100,30,all_in_one,complex,perceptron,incremental,OK
1015,Drift2/f1/0-40_80-100,30,all_in_one,simpleIndex,perceptron,traditional,OK
1016,Drift2/f1/0-60_80-100,30,all_in_one,simpleIndex,perceptron,traditional,OK
1017,Drift2/f1/0-80_80-100,30,all_in_one,simpleIndex,perceptron,traditional,OK
1018,Drift2/f1/40-60_80-100,30,all_in_one,simpleIndex,perceptron,incremental,OK
1019,Drift2/f1/60-80_80-100,30,all_in_one,simpleIndex,perceptron,incremental,OK
1020,Drift2/f1/0-40_80-100,50,all_in_one,complex,multinomialNB,traditional,OK
1021,Drift2/f1/0-60_80-100,50,all_in_one,complex,multinomialNB,traditional,OK
1022,Drift2/f1/0-80_80-100,50,all_in_one,complex,multinomialNB,traditional,OK
1023,Drift2/f1/40-60_80-100,50,all_in_one,complex,multinomialNB,incremental,OK
1024,Drift2/f1/60-80_80-100,50,all_in_one,complex,multinomialNB,incremental,OK
1025,Drift2/f1/0-40_80-100,50,all_in_one,simpleIndex,multinomialNB,traditional,OK
1026,Drift2/f1/0-60_80-100,50,all_in_one,simpleIndex,multinomialNB,traditional,OK
1027,Drift2/f1/0-80_80-100,50,all_in_one,simpleIndex,multinomialNB,traditional,OK
1028,Drift2/f1/40-60_80-100,50,all_in_one,simpleIndex,multinomialNB,incremental,OK
1029,Drift2/f1/60-80_80-100,50,all_in_one,simpleIndex,multinomialNB,incremental,OK
1030,Drift2/f1/0-40_80-100,50,all_in_one,complex,SGDClassifier,traditional,OK
1031,Drift2/f1/0-60_80-100,50,all_in_one,complex,SGDClassifier,traditional,OK
1032,Drift2/f1/0-80_80-100,50,all_in_one,complex,SGDClassifier,traditional,OK
1033,Drift2/f1/40-60_80-100,50,all_in_one,complex,SGDClassifier,incremental,OK
1034,Drift2/f1/60-80_80-100,50,all_in_one,complex,SGDClassifier,incremental,OK
1035,Drift2/f1/0-40_80-100,50,all_in_one,simpleIndex,SGDClassifier,traditional,OK
1036,Drift2/f1/0-60_80-100,50,all_in_one,simpleIndex,SGDClassifier,traditional,OK
1037,Drift2/f1/0-80_80-100,50,all_in_one,simpleIndex,SGDClassifier,traditional,OK
1038,Drift2/f1/40-60_80-100,50,all_in_one,simpleIndex,SGDClassifier,incremental,OK
1039,Drift2/f1/60-80_80-100,50,all_in_one,simpleIndex,SGDClassifier,incremental,OK
1040,Drift2/f1/0-40_80-100,50,all_in_one,complex,perceptron,traditional,OK
1041,Drift2/f1/0-60_80-100,50,all_in_one,complex,perceptron,traditional,OK
1042,Drift2/f1/0-80_80-100,50,all_in_one,complex,perceptron,traditional,OK
1043,Drift2/f1/40-60_80-100,50,all_in_one,complex,perceptron,incremental,OK
1044,Drift2/f1/60-80_80-100,50,all_in_one,complex,perceptron,incremental,OK
1045,Drift2/f1/0-40_80-100,50,all_in_one,simpleIndex,perceptron,traditional,OK
1046,Drift2/f1/0-60_80-100,50,all_in_one,simpleIndex,perceptron,traditional,OK
1047,Drift2/f1/0-80_80-100,50,all_in_one,simpleIndex,perceptron,traditional,OK
1048,Drift2/f1/40-60_80-100,50,all_in_one,simpleIndex,perceptron,incremental,OK
1049,Drift2/f1/60-80_80-100,50,all_in_one,simpleIndex,perceptron,incremental,OK
1050,Drift2/f1/0-40_80-100,70,all_in_one,complex,multinomialNB,traditional,OK
1051,Drift2/f1/0-60_80-100,70,all_in_one,complex,multinomialNB,traditional,OK
1052,Drift2/f1/0-80_80-100,70,all_in_one,complex,multinomialNB,traditional,OK
1053,Drift2/f1/40-60_80-100,70,all_in_one,complex,multinomialNB,incremental,OK
1054,Drift2/f1/60-80_80-100,70,all_in_one,complex,multinomialNB,incremental,OK
1055,Drift2/f1/0-40_80-100,70,all_in_one,simpleIndex,multinomialNB,traditional,OK
1056,Drift2/f1/0-60_80-100,70,all_in_one,simpleIndex,multinomialNB,traditional,OK
1057,Drift2/f1/0-80_80-100,70,all_in_one,simpleIndex,multinomialNB,traditional,OK
1058,Drift2/f1/40-60_80-100,70,all_in_one,simpleIndex,multinomialNB,incremental,OK
1059,Drift2/f1/60-80_80-100,70,all_in_one,simpleIndex,multinomialNB,incremental,OK
1060,Drift2/f1/0-40_80-100,70,all_in_one,complex,SGDClassifier,traditional,OK
1061,Drift2/f1/0-60_80-100,70,all_in_one,complex,SGDClassifier,traditional,OK
1062,Drift2/f1/0-80_80-100,70,all_in_one,complex,SGDClassifier,traditional,OK
1063,Drift2/f1/40-60_80-100,70,all_in_one,complex,SGDClassifier,incremental,OK
1064,Drift2/f1/60-80_80-100,70,all_in_one,complex,SGDClassifier,incremental,NOK
1065,Drift2/f1/0-40_80-100,70,all_in_one,simpleIndex,SGDClassifier,traditional,OK
1066,Drift2/f1/0-60_80-100,70,all_in_one,simpleIndex,SGDClassifier,traditional,OK
1067,Drift2/f1/0-80_80-100,70,all_in_one,simpleIndex,SGDClassifier,traditional,OK
1068,Drift2/f1/40-60_80-100,70,all_in_one,simpleIndex,SGDClassifier,incremental,OK
1069,Drift2/f1/60-80_80-100,70,all_in_one,simpleIndex,SGDClassifier,incremental,OK
1070,Drift2/f1/0-40_80-100,70,all_in_one,complex,perceptron,traditional,OK
1071,Drift2/f1/0-60_80-100,70,all_in_one,complex,perceptron,traditional,OK
1072,Drift2/f1/0-80_80-100,70,all_in_one,complex,perceptron,traditional,OK
1073,Drift2/f1/40-60_80-100,70,all_in_one,complex,perceptron,incremental,OK
1074,Drift2/f1/60-80_80-100,70,all_in_one,complex,perceptron,incremental,OK
1075,Drift2/f1/0-40_80-100,70,all_in_one,simpleIndex,perceptron,traditional,OK
1076,Drift2/f1/0-60_80-100,70,all_in_one,simpleIndex,perceptron,traditional,OK
1077,Drift2/f1/0-80_80-100,70,all_in_one,simpleIndex,perceptron,traditional,OK
1078,Drift2/f1/40-60_80-100,70,all_in_one,simpleIndex,perceptron,incremental,OK
1079,Drift2/f1/60-80_80-100,70,all_in_one,simpleIndex,perceptron,incremental,OK
1080,BPI11/f1/0-60_80-100,2,only,simpleIndex,linear,traditional,OK
1081,46 Not found,10,all_in_one,complex,multinomialNB,traditional,OK
1082,46 Not found,10,all_in_one,simpleIndex,multinomialNB,traditional,OK
1083,46 Not found,10,all_in_one,complex,SGDClassifier,traditional,OK
1084,Drift1/f1/40-55_80-100,10,all_in_one,complex,multinomialNB,incremental,OK
1085,Drift1/f1/40-55_80-100,10,all_in_one,simpleIndex,multinomialNB,incremental,OK
1086,Drift1/f1/40-55_80-100,10,all_in_one,complex,SGDClassifier,incremental,OK
1087,Drift1/f1/40-55_80-100,10,all_in_one,simpleIndex,SGDClassifier,incremental,OK
1088,Drift1/f1/40-55_80-100,10,all_in_one,complex,perceptron,incremental,OK
1089,Drift1/f1/40-55_80-100,10,all_in_one,simpleIndex,perceptron,incremental,OK
1090,Drift1/f1/40-55_80-100,30,all_in_one,complex,multinomialNB,incremental,OK
1091,Drift1/f1/40-55_80-100,30,all_in_one,simpleIndex,multinomialNB,incremental,OK
1092,Drift1/f1/40-55_80-100,30,all_in_one,complex,SGDClassifier,incremental,OK
1093,Drift1/f1/40-55_80-100,30,all_in_one,simpleIndex,SGDClassifier,incremental,OK
1094,Drift1/f1/40-55_80-100,30,all_in_one,complex,perceptron,incremental,OK
1095,Drift1/f1/40-55_80-100,30,all_in_one,simpleIndex,perceptron,incremental,OK
1096,Drift1/f1/40-55_80-100,50,all_in_one,complex,multinomialNB,incremental,OK
1097,Drift1/f1/40-55_80-100,50,all_in_one,simpleIndex,multinomialNB,incremental,OK
1098,Drift1/f1/40-55_80-100,50,all_in_one,complex,SGDClassifier,incremental,OK
1099,Drift1/f1/40-55_80-100,50,all_in_one,simpleIndex,SGDClassifier,incremental,OK
1100,Drift1/f1/40-55_80-100,50,all_in_one,complex,perceptron,incremental,OK
1101,Drift1/f1/40-55_80-100,50,all_in_one,simpleIndex,perceptron,incremental,OK
1102,Drift1/f1/40-55_80-100,70,all_in_one,complex,multinomialNB,incremental,OK
1103,Drift1/f1/40-55_80-100,70,all_in_one,simpleIndex,multinomialNB,incremental,OK
1104,Drift1/f1/40-55_80-100,70,all_in_one,complex,SGDClassifier,incremental,OK
1105,Drift1/f1/40-55_80-100,70,all_in_one,simpleIndex,SGDClassifier,incremental,OK
1106,Drift1/f1/40-55_80-100,70,all_in_one,complex,perceptron,incremental,OK
1107,Drift1/f1/40-55_80-100,70,all_in_one,simpleIndex,perceptron,incremental,OK
1108,Drift1/f1/40-55_80-100,10,all_in_one,complex,multinomialNB,incremental,OK
1109,Drift1/f1/40-55_80-100,10,all_in_one,simpleIndex,multinomialNB,incremental,OK
1110,Drift1/f1/40-55_80-100,10,all_in_one,complex,SGDClassifier,incremental,OK
1111,Drift1/f1/40-55_80-100,10,all_in_one,simpleIndex,SGDClassifier,incremental,OK
1112,Drift1/f1/40-55_80-100,10,all_in_one,complex,perceptron,incremental,OK
1113,Drift1/f1/40-55_80-100,10,all_in_one,simpleIndex,perceptron,incremental,OK
1114,Drift1/f1/40-55_80-100,30,all_in_one,complex,multinomialNB,incremental,OK
1115,Drift1/f1/40-55_80-100,30,all_in_one,simpleIndex,multinomialNB,incremental,OK
1116,Drift1/f1/40-55_80-100,30,all_in_one,complex,SGDClassifier,incremental,OK
1117,Drift1/f1/40-55_80-100,30,all_in_one,simpleIndex,SGDClassifier,incremental,OK
1118,Drift1/f1/40-55_80-100,30,all_in_one,complex,perceptron,incremental,OK
1119,Drift1/f1/40-55_80-100,30,all_in_one,simpleIndex,perceptron,incremental,OK
1120,Drift1/f1/40-55_80-100,50,all_in_one,complex,multinomialNB,incremental,OK
1121,Drift1/f1/40-55_80-100,50,all_in_one,simpleIndex,multinomialNB,incremental,OK
1122,Drift1/f1/40-55_80-100,50,all_in_one,complex,SGDClassifier,incremental,OK
1123,Drift1/f1/40-55_80-100,50,all_in_one,simpleIndex,SGDClassifier,incremental,OK
1124,Drift1/f1/40-55_80-100,50,all_in_one,complex,perceptron,incremental,OK
1125,Drift1/f1/40-55_80-100,50,all_in_one,simpleIndex,perceptron,incremental,OK
1126,Drift1/f1/40-55_80-100,70,all_in_one,complex,multinomialNB,incremental,OK
1127,Drift1/f1/40-55_80-100,70,all_in_one,simpleIndex,multinomialNB,incremental,OK
1128,Drift1/f1/40-55_80-100,70,all_in_one,complex,SGDClassifier,incremental,OK
1129,Drift1/f1/40-55_80-100,70,all_in_one,simpleIndex,SGDClassifier,incremental,OK
1130,Drift1/f1/40-55_80-100,70,all_in_one,complex,perceptron,incremental,OK
1131,Drift1/f1/40-55_80-100,70,all_in_one,simpleIndex,perceptron,incremental,OK
1132,BPI11/f1/0-60_80-100,10,all_in_one,complex,multinomialNB,traditional,OK
1133,BPI11/f1/0-60_80-100,10,all_in_one,complex,SGDClassifier,traditional,OK
1134,BPI11/f1/0-60_80-100,10,all_in_one,complex,perceptron,traditional,OK
1135,BPI11/f1/0-80_80-100,10,all_in_one,complex,multinomialNB,traditional,OK
1136,BPI11/f1/0-80_80-100,10,all_in_one,complex,SGDClassifier,traditional,OK
1137,BPI11/f1/0-80_80-100,10,all_in_one,complex,perceptron,traditional,OK
1138,BPI11/f1/0-80_80-100,30,all_in_one,complex,multinomialNB,traditional,OK
1139,BPI11/f1/0-80_80-100,30,all_in_one,complex,SGDClassifier,traditional,OK
1140,BPI11/f1/0-80_80-100,30,all_in_one,complex,perceptron,traditional,OK
1141,BPI11/f1/0-60_80-100,30,all_in_one,complex,multinomialNB,traditional,OK
1142,BPI11/f1/0-60_80-100,30,all_in_one,complex,SGDClassifier,traditional,OK
1143,BPI11/f1/0-60_80-100,30,all_in_one,complex,perceptron,traditional,OK
1144,BPI11/f1/0-60_80-100,50,all_in_one,complex,multinomialNB,traditional,OK
1145,BPI11/f1/0-60_80-100,50,all_in_one,complex,SGDClassifier,traditional,NOK
1146,BPI11/f1/0-60_80-100,50,all_in_one,complex,perceptron,traditional,OK
1147,BPI11/f1/0-80_80-100,50,all_in_one,complex,multinomialNB,traditional,OK
1148,BPI11/f1/0-80_80-100,50,all_in_one,complex,SGDClassifier,traditional,NOK
1149,BPI11/f1/0-80_80-100,50,all_in_one,complex,perceptron,traditional,OK
1150,BPI11/f1/0-80_80-100,70,all_in_one,complex,multinomialNB,traditional,OK
1151,BPI11/f1/0-80_80-100,70,all_in_one,complex,SGDClassifier,traditional,OK
1152,BPI11/f1/0-80_80-100,70,all_in_one,complex,perceptron,traditional,OK
1153,BPI11/f1/0-60_80-100,70,all_in_one,complex,multinomialNB,traditional,OK
1154,BPI11/f1/0-60_80-100,70,all_in_one,complex,SGDClassifier,traditional,OK
1155,BPI11/f1/0-60_80-100,70,all_in_one,complex,perceptron,traditional,OK
1156,BPI11/f2/0-60_80-100,10,all_in_one,complex,multinomialNB,traditional,OK
1157,BPI11/f2/0-60_80-100,10,all_in_one,complex,SGDClassifier,traditional,OK
1158,BPI11/f2/0-60_80-100,10,all_in_one,complex,perceptron,traditional,OK
1159,BPI11/f2/0-80_80-100,10,all_in_one,complex,multinomialNB,traditional,OK
1160,BPI11/f2/0-80_80-100,10,all_in_one,complex,SGDClassifier,traditional,OK
1161,BPI11/f2/0-80_80-100,10,all_in_one,complex,perceptron,traditional,OK
1162,BPI11/f2/0-80_80-100,30,all_in_one,complex,multinomialNB,traditional,OK
1163,BPI11/f2/0-80_80-100,30,all_in_one,complex,SGDClassifier,traditional,OK
1164,BPI11/f2/0-80_80-100,30,all_in_one,complex,perceptron,traditional,OK
1165,BPI11/f2/0-60_80-100,30,all_in_one,complex,multinomialNB,traditional,OK
1166,BPI11/f2/0-60_80-100,30,all_in_one,complex,SGDClassifier,traditional,OK
1167,BPI11/f2/0-60_80-100,30,all_in_one,complex,perceptron,traditional,OK
1168,BPI11/f2/0-60_80-100,50,all_in_one,complex,multinomialNB,traditional,OK
1169,BPI11/f2/0-60_80-100,50,all_in_one,complex,SGDClassifier,traditional,OK
1170,BPI11/f2/0-60_80-100,50,all_in_one,complex,perceptron,traditional,OK
1171,BPI11/f2/0-80_80-100,50,all_in_one,complex,multinomialNB,traditional,OK
1172,BPI11/f2/0-80_80-100,50,all_in_one,complex,SGDClassifier,traditional,OK
1173,BPI11/f2/0-80_80-100,50,all_in_one,complex,perceptron,traditional,OK
1174,BPI11/f2/0-80_80-100,70,all_in_one,complex,multinomialNB,traditional,OK
1175,BPI11/f2/0-80_80-100,70,all_in_one,complex,SGDClassifier,traditional,OK
1176,BPI11/f2/0-80_80-100,70,all_in_one,complex,perceptron,traditional,OK
1177,BPI11/f2/0-60_80-100,70,all_in_one,complex,multinomialNB,traditional,OK
1178,BPI11/f2/0-60_80-100,70,all_in_one,complex,SGDClassifier,traditional,OK
1179,BPI11/f2/0-60_80-100,70,all_in_one,complex,perceptron,traditional,OK
1180,Drift1/f1/0-55_80-100,30,all_in_one,simpleIndex,randomForest,traditional,NOK
1181,Drift1/f1/0-55_80-100,30,all_in_one,complex,randomForest,traditional,NOK
1182,Drift1/f1/0-55_80-100,30,all_in_one,simpleIndex,multinomialNB,traditional,NOK
1183,Drift1/f1/0-55_80-100,30,all_in_one,complex,multinomialNB,traditional,NOK
1184,Drift1/f1/0-55_80-100,30,all_in_one,simpleIndex,SGDClassifier,traditional,NOK
1185,Drift1/f1/0-55_80-100,30,all_in_one,complex,SGDClassifier,traditional,NOK
1186,Drift1/f1/0-55_80-100,50,all_in_one,simpleIndex,randomForest,traditional,NOK
1187,Drift1/f1/0-55_80-100,50,all_in_one,complex,randomForest,traditional,NOK
1188,Drift1/f1/0-55_80-100,50,all_in_one,simpleIndex,multinomialNB,traditional,NOK
1189,Drift1/f1/0-55_80-100,50,all_in_one,complex,multinomialNB,traditional,NOK
1190,Drift1/f1/0-55_80-100,50,all_in_one,simpleIndex,SGDClassifier,traditional,NOK
1191,Drift1/f1/0-55_80-100,50,all_in_one,complex,SGDClassifier,traditional,NOK
1192,Drift1/f1/0-55_80-100,70,all_in_one,simpleIndex,randomForest,traditional,NOK
1193,Drift1/f1/0-55_80-100,70,all_in_one,complex,randomForest,traditional,NOK
1194,Drift1/f1/0-55_80-100,70,all_in_one,simpleIndex,multinomialNB,traditional,NOK
1195,Drift1/f1/0-55_80-100,70,all_in_one,complex,multinomialNB,traditional,NOK
1196,Drift1/f1/0-55_80-100,70,all_in_one,simpleIndex,SGDClassifier,traditional,NOK
1197,Drift1/f1/0-55_80-100,70,all_in_one,complex,SGDClassifier,traditional,NOK
